adduser	all	3.118ubuntu5
adwaita-icon-theme	all	41.0-1ubuntu1
apt	amd64	2.4.14
autoconf	all	2.71-2
automake	all	1:1.16.5-1.3
autotools-dev	all	20220109.1
base-files	amd64	12ubuntu4.7
base-passwd	amd64	3.5.52build1
bash	amd64	5.1-6ubuntu1.1
binutils	amd64	2.38-4ubuntu2.12
binutils-common	amd64	2.38-4ubuntu2.12
binutils-x86-64-linux-gnu	amd64	2.38-4ubuntu2.12
blt	amd64	2.5.3+dfsg-4.1build2
bsdutils	amd64	1:2.37.2-4ubuntu3.5
build-essential	amd64	12.9ubuntu3
bzip2	amd64	1.0.8-5build1
ca-certificates	all	20260601~22.04.1
ca-certificates-java	all	20190909ubuntu1.3
catch2	amd64	2.13.8-1
cmake	amd64	3.22.1-1ubuntu1.22.04.2
cmake-data	all	3.22.1-1ubuntu1.22.04.2
comerr-dev	amd64	2.1-1.46.5-2ubuntu1.2
coreutils	amd64	8.32-4.1ubuntu1.3
cpp	amd64	4:11.2.0-1ubuntu1
cpp-11	amd64	11.4.0-1ubuntu1~22.04.3
cppcheck	amd64	2.7-1
curl	amd64	7.81.0-1ubuntu1.25
dash	amd64	0.5.11+git20210903+057cd650a4ed-3build1
dbus	amd64	1.12.20-2ubuntu4.1
dbus-user-session	amd64	1.12.20-2ubuntu4.1
dconf-gsettings-backend	amd64	0.40.0-3ubuntu0.1
dconf-service	amd64	0.40.0-3ubuntu0.1
debconf	all	1.5.79ubuntu1
debianutils	amd64	5.5-1ubuntu2
default-jdk	amd64	2:1.11-72build2
default-jdk-headless	amd64	2:1.11-72build2
default-jre	amd64	2:1.11-72build2
default-jre-headless	amd64	2:1.11-72build2
default-libmysqlclient-dev	amd64	1.0.8
dh-elpa-helper	all	2.0.9ubuntu1
diffutils	amd64	1:3.8-0ubuntu2
dirmngr	amd64	2.2.27-3ubuntu2.5
distro-info-data	all	0.72-0ubuntu0.22.04.1
docutils-common	all	0.17.1+dfsg-2
dpkg	amd64	1.21.1ubuntu2.6
dpkg-dev	all	1.21.1ubuntu2.6
e2fsprogs	amd64	1.46.5-2ubuntu1.2
emacsen-common	all	3.0.4
findutils	amd64	4.8.0-1ubuntu3
fontconfig	amd64	2.13.1-4.2ubuntu5
fontconfig-config	all	2.13.1-4.2ubuntu5
fonts-dejavu-core	all	2.37-2build1
fonts-liberation	all	1:1.07.4-11
fonts-lyx	all	2.3.6-1
freeglut3	amd64	2.8.1-6
freeglut3-dev	amd64	2.8.1-6
g++	amd64	4:11.2.0-1ubuntu1
g++-11	amd64	11.4.0-1ubuntu1~22.04.3
gazebo	amd64	11.10.2+dfsg-1
gazebo-common	all	11.10.2+dfsg-1
gazebo-plugin-base	amd64	11.10.2+dfsg-1
gcc	amd64	4:11.2.0-1ubuntu1
gcc-11	amd64	11.4.0-1ubuntu1~22.04.3
gcc-11-base	amd64	11.4.0-1ubuntu1~22.04.3
gcc-12-base	amd64	12.3.0-1ubuntu1~22.04.3
gdal-data	all	3.4.1+dfsg-1build4
gfortran-11	amd64	11.4.0-1ubuntu1~22.04.3
gir1.2-glib-2.0	amd64	1.72.0-1
gir1.2-ibus-1.0	amd64	1.5.26-4
git	amd64	1:2.34.1-1ubuntu1.17
git-man	all	1:2.34.1-1ubuntu1.17
gnupg	all	2.2.27-3ubuntu2.5
gnupg-l10n	all	2.2.27-3ubuntu2.5
gnupg-utils	amd64	2.2.27-3ubuntu2.5
gnupg2	all	2.2.27-3ubuntu2.5
google-mock	amd64	1.11.0-3
googletest	all	1.11.0-3
gpg	amd64	2.2.27-3ubuntu2.5
gpg-agent	amd64	2.2.27-3ubuntu2.5
gpg-wks-client	amd64	2.2.27-3ubuntu2.5
gpg-wks-server	amd64	2.2.27-3ubuntu2.5
gpgconf	amd64	2.2.27-3ubuntu2.5
gpgsm	amd64	2.2.27-3ubuntu2.5
gpgv	amd64	2.2.27-3ubuntu2.5
graphviz	amd64	2.42.2-6ubuntu0.1
grep	amd64	3.7-1build1
gtk-update-icon-cache	amd64	3.24.33-1ubuntu2.2
gzip	amd64	1.10-4ubuntu4.2
hdf5-helpers	amd64	1.10.7+repack-4ubuntu2
hicolor-icon-theme	all	0.17-2
hostname	amd64	3.23ubuntu2
humanity-icon-theme	all	0.6.16
ibverbs-providers	amd64	39.0-1
icu-devtools	amd64	70.1-2
init-system-helpers	all	1.62
iso-codes	all	4.9.0-1
java-common	all	0.72build2
krb5-multidev	amd64	1.19.2-2ubuntu0.8
libacl1	amd64	2.3.1-1
libaec-dev	amd64	1.0.6-1
libaec0	amd64	1.0.6-1
libann0	amd64	1.1.2+doc-7build1
libaom-dev	amd64	3.3.0-1ubuntu0.1
libaom3	amd64	3.3.0-1ubuntu0.1
libapparmor1	amd64	3.0.4-2ubuntu2.5
libapt-pkg6.0	amd64	2.4.14
libarchive13	amd64	3.6.0-1ubuntu1.8
libargon2-1	amd64	0~20171227-0.3
libarmadillo-dev	amd64	1:10.8.2+dfsg-1
libarmadillo10	amd64	1:10.8.2+dfsg-1
libarpack2	amd64	3.8.0-1
libarpack2-dev	amd64	3.8.0-1
libasan6	amd64	11.4.0-1ubuntu1~22.04.3
libasound2	amd64	1.2.6.1-1ubuntu1.2
libasound2-data	all	1.2.6.1-1ubuntu1.2
libasound2-dev	amd64	1.2.6.1-1ubuntu1.2
libass9	amd64	1:0.15.2-1
libassimp-dev	amd64	5.2.2~ds0-1
libassimp5	amd64	5.2.2~ds0-1
libassuan0	amd64	2.5.5-1build1
libasyncns0	amd64	0.8-6build2
libatk-bridge2.0-0	amd64	2.38.0-3
libatk1.0-0	amd64	2.36.0-3build1
libatk1.0-data	all	2.36.0-3build1
libatomic1	amd64	12.3.0-1ubuntu1~22.04.3
libatspi2.0-0	amd64	2.44.0-3
libattr1	amd64	1:2.5.1-1build1
libaudit-common	all	1:3.0.7-1build1
libaudit1	amd64	1:3.0.7-1build1
libavahi-client3	amd64	0.8-5ubuntu5.5
libavahi-common-data	amd64	0.8-5ubuntu5.5
libavahi-common3	amd64	0.8-5ubuntu5.5
libavc1394-0	amd64	0.5.4-5build2
libavcodec-dev	amd64	7:4.4.2-0ubuntu0.22.04.1
libavcodec58	amd64	7:4.4.2-0ubuntu0.22.04.1
libavdevice-dev	amd64	7:4.4.2-0ubuntu0.22.04.1
libavdevice58	amd64	7:4.4.2-0ubuntu0.22.04.1
libavfilter-dev	amd64	7:4.4.2-0ubuntu0.22.04.1
libavfilter7	amd64	7:4.4.2-0ubuntu0.22.04.1
libavformat-dev	amd64	7:4.4.2-0ubuntu0.22.04.1
libavformat58	amd64	7:4.4.2-0ubuntu0.22.04.1
libavutil-dev	amd64	7:4.4.2-0ubuntu0.22.04.1
libavutil56	amd64	7:4.4.2-0ubuntu0.22.04.1
libbinutils	amd64	2.38-4ubuntu2.12
libblas-dev	amd64	3.10.0-2ubuntu1
libblas3	amd64	3.10.0-2ubuntu1
libblkid-dev	amd64	2.37.2-4ubuntu3.5
libblkid1	amd64	2.37.2-4ubuntu3.5
libblosc-dev	amd64	1.21.1+ds2-2
libblosc1	amd64	1.21.1+ds2-2
libbluray2	amd64	1:1.3.1-1
libboost-all-dev	amd64	1.74.0.3ubuntu7
libboost-atomic-dev	amd64	1.74.0.3ubuntu7
libboost-atomic1.74-dev	amd64	1.74.0-14ubuntu3
libboost-atomic1.74.0	amd64	1.74.0-14ubuntu3
libboost-chrono-dev	amd64	1.74.0.3ubuntu7
libboost-chrono1.74-dev	amd64	1.74.0-14ubuntu3
libboost-chrono1.74.0	amd64	1.74.0-14ubuntu3
libboost-container-dev	amd64	1.74.0.3ubuntu7
libboost-container1.74-dev	amd64	1.74.0-14ubuntu3
libboost-container1.74.0	amd64	1.74.0-14ubuntu3
libboost-context-dev	amd64	1.74.0.3ubuntu7
libboost-context1.74-dev	amd64	1.74.0-14ubuntu3
libboost-context1.74.0	amd64	1.74.0-14ubuntu3
libboost-coroutine-dev	amd64	1.74.0.3ubuntu7
libboost-coroutine1.74-dev	amd64	1.74.0-14ubuntu3
libboost-coroutine1.74.0	amd64	1.74.0-14ubuntu3
libboost-date-time-dev	amd64	1.74.0.3ubuntu7
libboost-date-time1.74-dev	amd64	1.74.0-14ubuntu3
libboost-date-time1.74.0	amd64	1.74.0-14ubuntu3
libboost-dev	amd64	1.74.0.3ubuntu7
libboost-exception-dev	amd64	1.74.0.3ubuntu7
libboost-exception1.74-dev	amd64	1.74.0-14ubuntu3
libboost-fiber-dev	amd64	1.74.0.3ubuntu7
libboost-fiber1.74-dev	amd64	1.74.0-14ubuntu3
libboost-fiber1.74.0	amd64	1.74.0-14ubuntu3
libboost-filesystem-dev	amd64	1.74.0.3ubuntu7
libboost-filesystem1.74-dev	amd64	1.74.0-14ubuntu3
libboost-filesystem1.74.0	amd64	1.74.0-14ubuntu3
libboost-graph-dev	amd64	1.74.0.3ubuntu7
libboost-graph-parallel-dev	amd64	1.74.0.3ubuntu7
libboost-graph-parallel1.74-dev	amd64	1.74.0-14ubuntu3
libboost-graph-parallel1.74.0	amd64	1.74.0-14ubuntu3
libboost-graph1.74-dev	amd64	1.74.0-14ubuntu3
libboost-graph1.74.0	amd64	1.74.0-14ubuntu3
libboost-iostreams-dev	amd64	1.74.0.3ubuntu7
libboost-iostreams1.74-dev	amd64	1.74.0-14ubuntu3
libboost-iostreams1.74.0	amd64	1.74.0-14ubuntu3
libboost-locale-dev	amd64	1.74.0.3ubuntu7
libboost-locale1.74-dev	amd64	1.74.0-14ubuntu3
libboost-locale1.74.0	amd64	1.74.0-14ubuntu3
libboost-log-dev	amd64	1.74.0.3ubuntu7
libboost-log1.74-dev	amd64	1.74.0-14ubuntu3
libboost-log1.74.0	amd64	1.74.0-14ubuntu3
libboost-math-dev	amd64	1.74.0.3ubuntu7
libboost-math1.74-dev	amd64	1.74.0-14ubuntu3
libboost-math1.74.0	amd64	1.74.0-14ubuntu3
libboost-mpi-dev	amd64	1.74.0.3ubuntu7
libboost-mpi-python-dev	amd64	1.74.0.3ubuntu7
libboost-mpi-python1.74-dev	amd64	1.74.0-14ubuntu3
libboost-mpi-python1.74.0	amd64	1.74.0-14ubuntu3
libboost-mpi1.74-dev	amd64	1.74.0-14ubuntu3
libboost-mpi1.74.0	amd64	1.74.0-14ubuntu3
libboost-nowide-dev	amd64	1.74.0.3ubuntu7
libboost-nowide1.74-dev	amd64	1.74.0-14ubuntu3
libboost-nowide1.74.0	amd64	1.74.0-14ubuntu3
libboost-numpy-dev	amd64	1.74.0.3ubuntu7
libboost-numpy1.74-dev	amd64	1.74.0-14ubuntu3
libboost-numpy1.74.0	amd64	1.74.0-14ubuntu3
libboost-program-options-dev	amd64	1.74.0.3ubuntu7
libboost-program-options1.74-dev	amd64	1.74.0-14ubuntu3
libboost-program-options1.74.0	amd64	1.74.0-14ubuntu3
libboost-python-dev	amd64	1.74.0.3ubuntu7
libboost-python1.74-dev	amd64	1.74.0-14ubuntu3
libboost-python1.74.0	amd64	1.74.0-14ubuntu3
libboost-random-dev	amd64	1.74.0.3ubuntu7
libboost-random1.74-dev	amd64	1.74.0-14ubuntu3
libboost-random1.74.0	amd64	1.74.0-14ubuntu3
libboost-regex-dev	amd64	1.74.0.3ubuntu7
libboost-regex1.74-dev	amd64	1.74.0-14ubuntu3
libboost-regex1.74.0	amd64	1.74.0-14ubuntu3
libboost-serialization-dev	amd64	1.74.0.3ubuntu7
libboost-serialization1.74-dev	amd64	1.74.0-14ubuntu3
libboost-serialization1.74.0	amd64	1.74.0-14ubuntu3
libboost-stacktrace-dev	amd64	1.74.0.3ubuntu7
libboost-stacktrace1.74-dev	amd64	1.74.0-14ubuntu3
libboost-stacktrace1.74.0	amd64	1.74.0-14ubuntu3
libboost-system-dev	amd64	1.74.0.3ubuntu7
libboost-system1.74-dev	amd64	1.74.0-14ubuntu3
libboost-system1.74.0	amd64	1.74.0-14ubuntu3
libboost-test-dev	amd64	1.74.0.3ubuntu7
libboost-test1.74-dev	amd64	1.74.0-14ubuntu3
libboost-test1.74.0	amd64	1.74.0-14ubuntu3
libboost-thread-dev	amd64	1.74.0.3ubuntu7
libboost-thread1.74-dev	amd64	1.74.0-14ubuntu3
libboost-thread1.74.0	amd64	1.74.0-14ubuntu3
libboost-timer-dev	amd64	1.74.0.3ubuntu7
libboost-timer1.74-dev	amd64	1.74.0-14ubuntu3
libboost-timer1.74.0	amd64	1.74.0-14ubuntu3
libboost-tools-dev	amd64	1.74.0.3ubuntu7
libboost-type-erasure-dev	amd64	1.74.0.3ubuntu7
libboost-type-erasure1.74-dev	amd64	1.74.0-14ubuntu3
libboost-type-erasure1.74.0	amd64	1.74.0-14ubuntu3
libboost-wave-dev	amd64	1.74.0.3ubuntu7
libboost-wave1.74-dev	amd64	1.74.0-14ubuntu3
libboost-wave1.74.0	amd64	1.74.0-14ubuntu3
libboost1.74-dev	amd64	1.74.0-14ubuntu3
libboost1.74-tools-dev	amd64	1.74.0-14ubuntu3
libbrotli-dev	amd64	1.0.9-2build6
libbrotli1	amd64	1.0.9-2build6
libbs2b0	amd64	3.1.0+dfsg-2.2build1
libbsd-dev	amd64	0.11.5-1
libbsd0	amd64	0.11.5-1
libbullet-dev	amd64	3.06+dfsg-4build2
libbullet3.06	amd64	3.06+dfsg-4build2
libbz2-1.0	amd64	1.0.8-5build1
libc-bin	amd64	2.35-0ubuntu3.14
libc-dev-bin	amd64	2.35-0ubuntu3.14
libc6	amd64	2.35-0ubuntu3.14
libc6-dev	amd64	2.35-0ubuntu3.14
libcaca0	amd64	0.99.beta19-2.2ubuntu4.2
libcairo-gobject2	amd64	1.16.0-5ubuntu2.1
libcairo2	amd64	1.16.0-5ubuntu2.1
libcap-ng0	amd64	0.7.9-2.2build3
libcap2	amd64	1:2.44-1ubuntu0.22.04.3
libcap2-bin	amd64	1:2.44-1ubuntu0.22.04.3
libcbor0.8	amd64	0.8.0-2ubuntu1
libcc1-0	amd64	12.3.0-1ubuntu1~22.04.3
libccd-dev	amd64	2.1-2
libccd2	amd64	2.1-2
libcdio-cdda2	amd64	10.2+2.0.0-1build3
libcdio-paranoia2	amd64	10.2+2.0.0-1build3
libcdio19	amd64	2.1.0-3ubuntu0.2
libcdt5	amd64	2.42.2-6ubuntu0.1
libcfitsio-dev	amd64	4.0.0-1
libcfitsio9	amd64	4.0.0-1
libcgraph6	amd64	2.42.2-6ubuntu0.1
libcharls-dev	amd64	2.3.4-1
libcharls2	amd64	2.3.4-1
libchromaprint1	amd64	1.5.1-2
libclang1-14	amd64	1:14.0.0-1ubuntu1.1
libcodec2-1.0	amd64	1.0.1-3
libcolord2	amd64	1.4.6-1
libcom-err2	amd64	1.46.5-2ubuntu1.2
libconsole-bridge-dev	amd64	1.0.1+dfsg2-3
libconsole-bridge1.0	amd64	1.0.1+dfsg2-3
libcrypt-dev	amd64	1:4.4.27-1
libcrypt1	amd64	1:4.4.27-1
libcryptsetup12	amd64	2:2.4.3-1ubuntu1.3
libctf-nobfd0	amd64	2.38-4ubuntu2.12
libctf0	amd64	2.38-4ubuntu2.12
libcups2	amd64	2.4.1op1-1ubuntu4.21
libcurl3-gnutls	amd64	7.81.0-1ubuntu1.25
libcurl4	amd64	7.81.0-1ubuntu1.25
libcurl4-openssl-dev	amd64	7.81.0-1ubuntu1.25
libdart-collision-bullet6.12	amd64	6.12.1+dfsg4-11build2
libdart-dev	amd64	6.12.1+dfsg4-11build2
libdart-external-convhull-3d-dev	amd64	6.12.1+dfsg4-11build2
libdart-external-odelcpsolver-dev	amd64	6.12.1+dfsg4-11build2
libdart-external-odelcpsolver6.12	amd64	6.12.1+dfsg4-11build2
libdart-utils6.12	amd64	6.12.1+dfsg4-11build2
libdart6.12	amd64	6.12.1+dfsg4-11build2
libdatrie1	amd64	0.2.13-2
libdav1d-dev	amd64	0.9.2-1
libdav1d5	amd64	0.9.2-1
libdb5.3	amd64	5.3.28+dfsg1-0.8ubuntu3
libdbus-1-3	amd64	1.12.20-2ubuntu4.1
libdbus-1-dev	amd64	1.12.20-2ubuntu4.1
libdc1394-25	amd64	2.2.6-4
libdc1394-dev	amd64	2.2.6-4
libdconf1	amd64	0.40.0-3ubuntu0.1
libde265-0	amd64	1.0.8-1ubuntu0.3
libde265-dev	amd64	1.0.8-1ubuntu0.3
libdebconfclient0	amd64	0.261ubuntu1
libdecor-0-0	amd64	0.1.0-3build1
libdecor-0-dev	amd64	0.1.0-3build1
libdeflate-dev	amd64	1.10-2
libdeflate0	amd64	1.10-2
libdevmapper1.02.1	amd64	2:1.02.175-2.1ubuntu5
libdouble-conversion-dev	amd64	3.1.7-4
libdouble-conversion3	amd64	3.1.7-4
libdpkg-perl	all	1.21.1ubuntu2.6
libdraco-dev	amd64	1.5.2+dfsg-2
libdraco4	amd64	1.5.2+dfsg-2
libdrm-amdgpu1	amd64	2.4.113-2~ubuntu0.22.04.1
libdrm-common	all	2.4.113-2~ubuntu0.22.04.1
libdrm-dev	amd64	2.4.113-2~ubuntu0.22.04.1
libdrm-intel1	amd64	2.4.113-2~ubuntu0.22.04.1
libdrm-nouveau2	amd64	2.4.113-2~ubuntu0.22.04.1
libdrm-radeon1	amd64	2.4.113-2~ubuntu0.22.04.1
libdrm2	amd64	2.4.113-2~ubuntu0.22.04.1
libdw1	amd64	0.186-1ubuntu0.1
libedit2	amd64	3.1-20210910-1build1
libegl-dev	amd64	1.4.0-1
libegl-mesa0	amd64	23.2.1-1ubuntu3.1~22.04.4
libegl1	amd64	1.4.0-1
libegl1-mesa-dev	amd64	23.2.1-1ubuntu3.1~22.04.4
libeigen3-dev	all	3.4.0-2ubuntu2
libelf1	amd64	0.186-1ubuntu0.1
libepoxy0	amd64	1.5.10-1
liberror-perl	all	0.17029-1
libevdev2	amd64	1.12.1+dfsg-1
libevent-2.1-7	amd64	2.1.12-stable-1build3
libevent-core-2.1-7	amd64	2.1.12-stable-1build3
libevent-dev	amd64	2.1.12-stable-1build3
libevent-extra-2.1-7	amd64	2.1.12-stable-1build3
libevent-openssl-2.1-7	amd64	2.1.12-stable-1build3
libevent-pthreads-2.1-7	amd64	2.1.12-stable-1build3
libexif-dev	amd64	0.6.24-1ubuntu0.22.04.1
libexif12	amd64	0.6.24-1ubuntu0.22.04.1
libexpat1	amd64	2.4.7-1ubuntu0.7
libexpat1-dev	amd64	2.4.7-1ubuntu0.7
libext2fs2	amd64	1.46.5-2ubuntu1.2
libfabric1	amd64	1.11.0-3
libfcl-dev	amd64	0.7.0-3
libfcl0.7	amd64	0.7.0-3
libffi-dev	amd64	3.4.2-4
libffi8	amd64	3.4.2-4
libfido2-1	amd64	1.10.0-1
libflac8	amd64	1.3.3-2ubuntu0.2
libflann-dev	amd64	1.9.1+dfsg-11
libflann1.9	amd64	1.9.1+dfsg-11
libflite1	amd64	2.2-3
libfmt-dev	amd64	8.1.1+ds1-2
libfmt8	amd64	8.1.1+ds1-2
libfontconfig-dev	amd64	2.13.1-4.2ubuntu5
libfontconfig1	amd64	2.13.1-4.2ubuntu5
libfontconfig1-dev	amd64	2.13.1-4.2ubuntu5
libfreeimage-dev	amd64	3.18.0+ds2-6ubuntu5.1
libfreeimage3	amd64	3.18.0+ds2-6ubuntu5.1
libfreetype-dev	amd64	2.11.1+dfsg-1ubuntu0.3
libfreetype6	amd64	2.11.1+dfsg-1ubuntu0.3
libfreetype6-dev	amd64	2.11.1+dfsg-1ubuntu0.3
libfreexl-dev	amd64	1.0.6-1
libfreexl1	amd64	1.0.6-1
libfribidi0	amd64	1.0.8-2ubuntu3.1
libfyba-dev	amd64	4.1.1-7
libfyba0	amd64	4.1.1-7
libgazebo-dev	amd64	11.10.2+dfsg-1
libgazebo11	amd64	11.10.2+dfsg-1
libgbm-dev	amd64	23.2.1-1ubuntu3.1~22.04.4
libgbm1	amd64	23.2.1-1ubuntu3.1~22.04.4
libgcc-11-dev	amd64	11.4.0-1ubuntu1~22.04.3
libgcc-s1	amd64	12.3.0-1ubuntu1~22.04.3
libgcrypt20	amd64	1.9.4-3ubuntu3.2
libgd3	amd64	2.3.0-2ubuntu2.3
libgdal-dev	amd64	3.4.1+dfsg-1build4
libgdal30	amd64	3.4.1+dfsg-1build4
libgdbm-compat4	amd64	1.23-1
libgdbm6	amd64	1.23-1
libgdcm-dev	amd64	3.0.10-1build2
libgdcm3.0	amd64	3.0.10-1build2
libgdk-pixbuf-2.0-0	amd64	2.42.8+dfsg-1ubuntu0.5
libgdk-pixbuf2.0-common	all	2.42.8+dfsg-1ubuntu0.5
libgeos-c1v5	amd64	3.10.2-1
libgeos-dev	amd64	3.10.2-1
libgeos3.10.2	amd64	3.10.2-1
libgeotiff-dev	amd64	1.7.0-2build1
libgeotiff5	amd64	1.7.0-2build1
libgfortran-11-dev	amd64	11.4.0-1ubuntu1~22.04.3
libgfortran5	amd64	12.3.0-1ubuntu1~22.04.3
libgif-dev	amd64	5.1.9-2ubuntu0.3
libgif7	amd64	5.1.9-2ubuntu0.3
libgirepository-1.0-1	amd64	1.72.0-1
libgl-dev	amd64	1.4.0-1
libgl1	amd64	1.4.0-1
libgl1-mesa-dev	amd64	23.2.1-1ubuntu3.1~22.04.4
libgl1-mesa-dri	amd64	23.2.1-1ubuntu3.1~22.04.4
libgl2ps-dev	amd64	1.4.2+dfsg1-2
libgl2ps1.4	amd64	1.4.2+dfsg1-2
libglapi-mesa	amd64	23.2.1-1ubuntu3.1~22.04.4
libgles-dev	amd64	1.4.0-1
libgles1	amd64	1.4.0-1
libgles2	amd64	1.4.0-1
libglew-dev	amd64	2.2.0-4
libglew2.2	amd64	2.2.0-4
libglib2.0-0	amd64	2.72.4-0ubuntu2.9
libglib2.0-bin	amd64	2.72.4-0ubuntu2.9
libglib2.0-data	all	2.72.4-0ubuntu2.9
libglib2.0-dev	amd64	2.72.4-0ubuntu2.9
libglib2.0-dev-bin	amd64	2.72.4-0ubuntu2.9
libglu1-mesa	amd64	9.0.2-1
libglu1-mesa-dev	amd64	9.0.2-1
libglvnd-core-dev	amd64	1.4.0-1
libglvnd-dev	amd64	1.4.0-1
libglvnd0	amd64	1.4.0-1
libglx-dev	amd64	1.4.0-1
libglx-mesa0	amd64	23.2.1-1ubuntu3.1~22.04.4
libglx0	amd64	1.4.0-1
libgme0	amd64	0.6.3-2
libgmp10	amd64	2:6.2.1+dfsg-3ubuntu1
libgnutls30	amd64	3.7.3-4ubuntu1.9
libgomp1	amd64	12.3.0-1ubuntu1~22.04.3
libgpg-error0	amd64	1.43-3
libgphoto2-6	amd64	2.5.27-1ubuntu0.1
libgphoto2-dev	amd64	2.5.27-1ubuntu0.1
libgphoto2-port12	amd64	2.5.27-1ubuntu0.1
libgraphite2-3	amd64	1.3.14-1ubuntu0.1
libgsm1	amd64	1.0.19-1
libgssapi-krb5-2	amd64	1.19.2-2ubuntu0.8
libgssrpc4	amd64	1.19.2-2ubuntu0.8
libgstreamer-plugins-base1.0-0	amd64	1.20.1-1ubuntu0.6
libgstreamer1.0-0	amd64	1.20.3-0ubuntu1.1
libgtest-dev	amd64	1.11.0-3
libgtk-3-0	amd64	3.24.33-1ubuntu2.2
libgtk-3-common	all	3.24.33-1ubuntu2.2
libgts-0.7-5	amd64	0.7.6+darcs121130-5
libgts-dev	amd64	0.7.6+darcs121130-5
libgudev-1.0-0	amd64	1:237-2build1
libgvc6	amd64	2.42.2-6ubuntu0.1
libgvpr2	amd64	2.42.2-6ubuntu0.1
libharfbuzz0b	amd64	2.7.4-1ubuntu3.2
libhdf4-0-alt	amd64	4.2.15-4
libhdf4-alt-dev	amd64	4.2.15-4
libhdf5-103-1	amd64	1.10.7+repack-4ubuntu2
libhdf5-cpp-103-1	amd64	1.10.7+repack-4ubuntu2
libhdf5-dev	amd64	1.10.7+repack-4ubuntu2
libhdf5-fortran-102	amd64	1.10.7+repack-4ubuntu2
libhdf5-hl-100	amd64	1.10.7+repack-4ubuntu2
libhdf5-hl-cpp-100	amd64	1.10.7+repack-4ubuntu2
libhdf5-hl-fortran-100	amd64	1.10.7+repack-4ubuntu2
libhdf5-mpi-dev	amd64	1.10.7+repack-4ubuntu2
libhdf5-openmpi-103-1	amd64	1.10.7+repack-4ubuntu2
libhdf5-openmpi-cpp-103-1	amd64	1.10.7+repack-4ubuntu2
libhdf5-openmpi-dev	amd64	1.10.7+repack-4ubuntu2
libhdf5-openmpi-fortran-102	amd64	1.10.7+repack-4ubuntu2
libhdf5-openmpi-hl-100	amd64	1.10.7+repack-4ubuntu2
libhdf5-openmpi-hl-cpp-100	amd64	1.10.7+repack-4ubuntu2
libhdf5-openmpi-hl-fortran-100	amd64	1.10.7+repack-4ubuntu2
libheif-dev	amd64	1.12.0-2build1
libheif1	amd64	1.12.0-2build1
libhogweed6	amd64	3.7.3-1build2
libhwloc-dev	amd64	2.7.0-2ubuntu1
libhwloc-plugins	amd64	2.7.0-2ubuntu1
libhwloc15	amd64	2.7.0-2ubuntu1
libhyphen0	amd64	2.8.8-7build2
libibus-1.0-5	amd64	1.5.26-4
libibus-1.0-dev	amd64	1.5.26-4
libibverbs-dev	amd64	39.0-1
libibverbs1	amd64	39.0-1
libice-dev	amd64	2:1.0.10-1build2
libice6	amd64	2:1.0.10-1build2
libicu-dev	amd64	70.1-2
libicu70	amd64	70.1-2
libidn2-0	amd64	2.3.2-2build1
libiec61883-0	amd64	1.2.0-4build3
libignition-cmake2-dev	amd64	2.19.0-1~jammy
libignition-common3-3	amd64	3.14.0+dfsg-5
libignition-common3-av-dev	amd64	3.14.0+dfsg-5
libignition-common3-av3	amd64	3.14.0+dfsg-5
libignition-common3-core-dev	amd64	3.14.0+dfsg-5
libignition-common3-dev	amd64	3.14.0+dfsg-5
libignition-common3-events3	amd64	3.14.0+dfsg-5
libignition-common3-graphics-dev	amd64	3.14.0+dfsg-5
libignition-common3-graphics3	amd64	3.14.0+dfsg-5
libignition-common3-profiler3	amd64	3.14.0+dfsg-5
libignition-fuel-tools4-4	amd64	4.4.0+ds-3build1
libignition-fuel-tools4-dev	amd64	4.4.0+ds-3build1
libignition-math6	amd64	6.16.0-1~jammy
libignition-math6-dev	amd64	6.16.0-1~jammy
libignition-msgs5-5	amd64	5.8.1+ds-2
libignition-msgs5-dev	amd64	5.8.1+ds-2
libignition-transport8-8	amd64	8.2.1+ds-2
libignition-transport8-dev	amd64	8.2.1+ds-2
libilmbase-dev	amd64	2.5.7-2
libilmbase25	amd64	2.5.7-2
libimagequant0	amd64	2.17.0-1
libinput-bin	amd64	1.20.0-1ubuntu0.4
libinput10	amd64	1.20.0-1ubuntu0.4
libip4tc2	amd64	1.8.7-1ubuntu5.2
libisl23	amd64	0.24-2build1
libitm1	amd64	12.3.0-1ubuntu1~22.04.3
libjack-jackd2-0	amd64	1.9.20~dfsg-1
libjbig-dev	amd64	2.1-3.1ubuntu0.22.04.1
libjbig0	amd64	2.1-3.1ubuntu0.22.04.1
libjpeg-dev	amd64	8c-2ubuntu10
libjpeg-turbo8	amd64	2.1.2-0ubuntu1
libjpeg-turbo8-dev	amd64	2.1.2-0ubuntu1
libjpeg8	amd64	8c-2ubuntu10
libjpeg8-dev	amd64	8c-2ubuntu10
libjs-jquery	all	3.6.0+dfsg+~3.5.13-1
libjs-jquery-ui	all	1.13.1+dfsg-1
libjs-sphinxdoc	all	4.3.2-1
libjs-underscore	all	1.13.2~dfsg-2
libjson-c-dev	amd64	0.15-3~ubuntu1.22.04.2
libjson-c5	amd64	0.15-3~ubuntu1.22.04.2
libjsoncpp-dev	amd64	1.9.5-3
libjsoncpp25	amd64	1.9.5-3
libjxr0	amd64	1.2~git20170615.f752187-5
libk5crypto3	amd64	1.19.2-2ubuntu0.8
libkadm5clnt-mit12	amd64	1.19.2-2ubuntu0.8
libkadm5srv-mit12	amd64	1.19.2-2ubuntu0.8
libkdb5-10	amd64	1.19.2-2ubuntu0.8
libkeyutils1	amd64	1.6.1-2ubuntu3
libkml-dev	amd64	1.3.0-9
libkmlbase1	amd64	1.3.0-9
libkmlconvenience1	amd64	1.3.0-9
libkmldom1	amd64	1.3.0-9
libkmlengine1	amd64	1.3.0-9
libkmlregionator1	amd64	1.3.0-9
libkmlxsd1	amd64	1.3.0-9
libkmod2	amd64	29-1ubuntu1.1
libkrb5-3	amd64	1.19.2-2ubuntu0.8
libkrb5-dev	amd64	1.19.2-2ubuntu0.8
libkrb5support0	amd64	1.19.2-2ubuntu0.8
libksba8	amd64	1.6.0-2ubuntu0.2
liblab-gamut1	amd64	2.42.2-6ubuntu0.1
liblapack-dev	amd64	3.10.0-2ubuntu1
liblapack3	amd64	3.10.0-2ubuntu1
liblbfgsb0	amd64	3.0+dfsg.3-10
liblcms2-2	amd64	2.12~rc1-2ubuntu0.1
libldap-2.5-0	amd64	2.5.20+dfsg-0ubuntu0.22.04.1
liblept5	amd64	1.82.0-3build1
liblilv-0-0	amd64	0.24.12-2
libllvm14	amd64	1:14.0.0-1ubuntu1.1
libllvm15	amd64	1:15.0.7-0ubuntu0.22.04.3
liblsan0	amd64	12.3.0-1ubuntu1~22.04.3
libltdl-dev	amd64	2.4.6-15build2
libltdl7	amd64	2.4.6-15build2
liblz4-1	amd64	1.9.3-2build2
liblz4-dev	amd64	1.9.3-2build2
liblzma-dev	amd64	5.2.5-2ubuntu1.1
liblzma5	amd64	5.2.5-2ubuntu1.1
libmd-dev	amd64	1.0.4-1build1
libmd0	amd64	1.0.4-1build1
libmd4c0	amd64	0.4.8-1
libmfx1	amd64	22.3.0-1
libminizip-dev	amd64	1.1-8build1
libminizip1	amd64	1.1-8build1
libmount-dev	amd64	2.37.2-4ubuntu3.5
libmount1	amd64	2.37.2-4ubuntu3.5
libmp3lame0	amd64	3.100-3build2
libmpc3	amd64	1.2.1-2build1
libmpdec3	amd64	2.5.1-2build2
libmpfr6	amd64	4.1.0-3build3
libmpg123-0	amd64	1.29.3-1ubuntu0.1
libmtdev1	amd64	1.1.6-1build4
libmysofa1	amd64	1.2.1~dfsg0-1
libmysqlclient-dev	amd64	8.0.46-0ubuntu0.22.04.3
libmysqlclient21	amd64	8.0.46-0ubuntu0.22.04.3
libncurses6	amd64	6.3-2ubuntu0.2
libncursesw6	amd64	6.3-2ubuntu0.2
libnetcdf-c++4	amd64	4.2-12build1
libnetcdf-cxx-legacy-dev	amd64	4.2-12build1
libnetcdf-dev	amd64	1:4.8.1-1
libnetcdf19	amd64	1:4.8.1-1
libnettle8	amd64	3.7.3-1build2
libnghttp2-14	amd64	1.43.0-1ubuntu0.4
libnl-3-200	amd64	3.5.0-0.1
libnl-3-dev	amd64	3.5.0-0.1
libnl-route-3-200	amd64	3.5.0-0.1
libnl-route-3-dev	amd64	3.5.0-0.1
libnorm-dev	amd64	1.5.9+dfsg-2
libnorm1	amd64	1.5.9+dfsg-2
libnpth0	amd64	1.6-3build2
libnsl-dev	amd64	1.3.0-2build2
libnsl2	amd64	1.3.0-2build2
libnspr4	amd64	2:4.35-0ubuntu0.22.04.1
libnss3	amd64	2:3.98-0ubuntu0.22.04.4
libnuma-dev	amd64	2.0.14-3ubuntu2
libnuma1	amd64	2.0.14-3ubuntu2
liboctomap-dev	amd64	1.9.7+dfsg-3
liboctomap1.9	amd64	1.9.7+dfsg-3
libodbc2	amd64	2.3.9-5ubuntu0.1
libodbccr2	amd64	2.3.9-5ubuntu0.1
libodbcinst2	amd64	2.3.9-5ubuntu0.1
libode8	amd64	2:0.16.2-1
libogdi-dev	amd64	4.1.0+ds-5
libogdi4.1	amd64	4.1.0+ds-5
libogg-dev	amd64	1.3.5-0ubuntu3
libogg0	amd64	1.3.5-0ubuntu3
libogre-1.9-dev	amd64	1.9.0+dfsg1-12.1ubuntu1
libogre-1.9.0v5	amd64	1.9.0+dfsg1-12.1ubuntu1
libopenal-data	all	1:1.19.1-2build3
libopenal1	amd64	1:1.19.1-2build3
libopencv-calib3d-dev	amd64	4.5.4+dfsg-9ubuntu4
libopencv-calib3d4.5d	amd64	4.5.4+dfsg-9ubuntu4
libopencv-contrib-dev	amd64	4.5.4+dfsg-9ubuntu4
libopencv-contrib4.5d	amd64	4.5.4+dfsg-9ubuntu4
libopencv-core-dev	amd64	4.5.4+dfsg-9ubuntu4
libopencv-core4.5d	amd64	4.5.4+dfsg-9ubuntu4
libopencv-dev	amd64	4.5.4+dfsg-9ubuntu4
libopencv-dnn-dev	amd64	4.5.4+dfsg-9ubuntu4
libopencv-dnn4.5d	amd64	4.5.4+dfsg-9ubuntu4
libopencv-features2d-dev	amd64	4.5.4+dfsg-9ubuntu4
libopencv-features2d4.5d	amd64	4.5.4+dfsg-9ubuntu4
libopencv-flann-dev	amd64	4.5.4+dfsg-9ubuntu4
libopencv-flann4.5d	amd64	4.5.4+dfsg-9ubuntu4
libopencv-highgui-dev	amd64	4.5.4+dfsg-9ubuntu4
libopencv-highgui4.5d	amd64	4.5.4+dfsg-9ubuntu4
libopencv-imgcodecs-dev	amd64	4.5.4+dfsg-9ubuntu4
libopencv-imgcodecs4.5d	amd64	4.5.4+dfsg-9ubuntu4
libopencv-imgproc-dev	amd64	4.5.4+dfsg-9ubuntu4
libopencv-imgproc4.5d	amd64	4.5.4+dfsg-9ubuntu4
libopencv-ml-dev	amd64	4.5.4+dfsg-9ubuntu4
libopencv-ml4.5d	amd64	4.5.4+dfsg-9ubuntu4
libopencv-objdetect-dev	amd64	4.5.4+dfsg-9ubuntu4
libopencv-objdetect4.5d	amd64	4.5.4+dfsg-9ubuntu4
libopencv-photo-dev	amd64	4.5.4+dfsg-9ubuntu4
libopencv-photo4.5d	amd64	4.5.4+dfsg-9ubuntu4
libopencv-shape-dev	amd64	4.5.4+dfsg-9ubuntu4
libopencv-shape4.5d	amd64	4.5.4+dfsg-9ubuntu4
libopencv-stitching-dev	amd64	4.5.4+dfsg-9ubuntu4
libopencv-stitching4.5d	amd64	4.5.4+dfsg-9ubuntu4
libopencv-superres-dev	amd64	4.5.4+dfsg-9ubuntu4
libopencv-superres4.5d	amd64	4.5.4+dfsg-9ubuntu4
libopencv-video-dev	amd64	4.5.4+dfsg-9ubuntu4
libopencv-video4.5d	amd64	4.5.4+dfsg-9ubuntu4
libopencv-videoio-dev	amd64	4.5.4+dfsg-9ubuntu4
libopencv-videoio4.5d	amd64	4.5.4+dfsg-9ubuntu4
libopencv-videostab-dev	amd64	4.5.4+dfsg-9ubuntu4
libopencv-videostab4.5d	amd64	4.5.4+dfsg-9ubuntu4
libopencv-viz-dev	amd64	4.5.4+dfsg-9ubuntu4
libopencv-viz4.5d	amd64	4.5.4+dfsg-9ubuntu4
libopenexr-dev	amd64	2.5.7-1
libopenexr25	amd64	2.5.7-1
libopengl-dev	amd64	1.4.0-1
libopengl0	amd64	1.4.0-1
libopenjp2-7	amd64	2.4.0-6ubuntu0.5
libopenjp2-7-dev	amd64	2.4.0-6ubuntu0.5
libopenmpi-dev	amd64	4.1.2-2ubuntu1
libopenmpi3	amd64	4.1.2-2ubuntu1
libopenmpt0	amd64	0.6.1-1
libopenni-dev	amd64	1.5.4.0+dfsg-5
libopenni0	amd64	1.5.4.0+dfsg-5
libopenni2-0	amd64	2.2.0.33+dfsg-15
libopenni2-dev	amd64	2.2.0.33+dfsg-15
libopus0	amd64	1.3.1-0.1build2
liborc-0.4-0	amd64	1:0.4.32-2ubuntu0.1
liborocos-kdl-dev	amd64	1.5.1-2build1
liborocos-kdl1.5	amd64	1.5.1-2build1
libp11-kit0	amd64	0.24.0-6build1
libpam-modules	amd64	1.4.0-11ubuntu2.7
libpam-modules-bin	amd64	1.4.0-11ubuntu2.7
libpam-runtime	all	1.4.0-11ubuntu2.7
libpam-systemd	amd64	249.11-0ubuntu3.21
libpam0g	amd64	1.4.0-11ubuntu2.7
libpango-1.0-0	amd64	1.50.6+ds-2ubuntu1
libpangocairo-1.0-0	amd64	1.50.6+ds-2ubuntu1
libpangoft2-1.0-0	amd64	1.50.6+ds-2ubuntu1
libpathplan4	amd64	2.42.2-6ubuntu0.1
libpcap0.8	amd64	1.10.1-4ubuntu1.22.04.1
libpciaccess-dev	amd64	0.16-3
libpciaccess0	amd64	0.16-3
libpcl-apps1.12	amd64	1.12.1+dfsg-3build1
libpcl-common1.12	amd64	1.12.1+dfsg-3build1
libpcl-dev	amd64	1.12.1+dfsg-3build1
libpcl-features1.12	amd64	1.12.1+dfsg-3build1
libpcl-filters1.12	amd64	1.12.1+dfsg-3build1
libpcl-io1.12	amd64	1.12.1+dfsg-3build1
libpcl-kdtree1.12	amd64	1.12.1+dfsg-3build1
libpcl-keypoints1.12	amd64	1.12.1+dfsg-3build1
libpcl-ml1.12	amd64	1.12.1+dfsg-3build1
libpcl-octree1.12	amd64	1.12.1+dfsg-3build1
libpcl-outofcore1.12	amd64	1.12.1+dfsg-3build1
libpcl-people1.12	amd64	1.12.1+dfsg-3build1
libpcl-recognition1.12	amd64	1.12.1+dfsg-3build1
libpcl-registration1.12	amd64	1.12.1+dfsg-3build1
libpcl-sample-consensus1.12	amd64	1.12.1+dfsg-3build1
libpcl-search1.12	amd64	1.12.1+dfsg-3build1
libpcl-segmentation1.12	amd64	1.12.1+dfsg-3build1
libpcl-stereo1.12	amd64	1.12.1+dfsg-3build1
libpcl-surface1.12	amd64	1.12.1+dfsg-3build1
libpcl-tracking1.12	amd64	1.12.1+dfsg-3build1
libpcl-visualization1.12	amd64	1.12.1+dfsg-3build1
libpcre16-3	amd64	2:8.39-13ubuntu0.22.04.1
libpcre2-16-0	amd64	10.39-3ubuntu0.1
libpcre2-32-0	amd64	10.39-3ubuntu0.1
libpcre2-8-0	amd64	10.39-3ubuntu0.1
libpcre2-dev	amd64	10.39-3ubuntu0.1
libpcre2-posix3	amd64	10.39-3ubuntu0.1
libpcre3	amd64	2:8.39-13ubuntu0.22.04.1
libpcre3-dev	amd64	2:8.39-13ubuntu0.22.04.1
libpcre32-3	amd64	2:8.39-13ubuntu0.22.04.1
libpcrecpp0v5	amd64	2:8.39-13ubuntu0.22.04.1
libpcsclite1	amd64	1.9.5-3ubuntu1
libperl5.34	amd64	5.34.0-3ubuntu1.7
libpgm-5.3-0	amd64	5.3.128~dfsg-2
libpgm-dev	amd64	5.3.128~dfsg-2
libpixman-1-0	amd64	0.40.0-1ubuntu0.22.04.1
libpmix-dev	amd64	4.1.2-2ubuntu1
libpmix2	amd64	4.1.2-2ubuntu1
libpng-dev	amd64	1.6.37-3ubuntu0.5
libpng16-16	amd64	1.6.37-3ubuntu0.5
libpocketsphinx3	amd64	0.8.0+real5prealpha+1-14ubuntu1
libpoppler-dev	amd64	22.02.0-2ubuntu0.13
libpoppler-private-dev	amd64	22.02.0-2ubuntu0.13
libpoppler118	amd64	22.02.0-2ubuntu0.13
libpostproc-dev	amd64	7:4.4.2-0ubuntu0.22.04.1
libpostproc55	amd64	7:4.4.2-0ubuntu0.22.04.1
libpq-dev	amd64	14.23-0ubuntu0.22.04.1
libpq5	amd64	14.23-0ubuntu0.22.04.1
libprocps8	amd64	2:3.3.17-6ubuntu2.1
libproj-dev	amd64	8.2.1-1
libproj22	amd64	8.2.1-1
libprotobuf-dev	amd64	3.12.4-1ubuntu7.22.04.6
libprotobuf-lite23	amd64	3.12.4-1ubuntu7.22.04.6
libprotobuf23	amd64	3.12.4-1ubuntu7.22.04.6
libprotoc-dev	amd64	3.12.4-1ubuntu7.22.04.6
libprotoc23	amd64	3.12.4-1ubuntu7.22.04.6
libpsl5	amd64	0.21.0-1.2build2
libpsm-infinipath1	amd64	3.3+20.604758e7-6.1
libpsm2-2	amd64	11.2.185-1
libpthread-stubs0-dev	amd64	0.4-1build2
libpulse-dev	amd64	1:15.99.1+dfsg1-1ubuntu2.2
libpulse-mainloop-glib0	amd64	1:15.99.1+dfsg1-1ubuntu2.2
libpulse0	amd64	1:15.99.1+dfsg1-1ubuntu2.2
libpyside2-dev	amd64	5.15.2-2build2
libpyside2-py3-5.15	amd64	5.15.2-2build2
libpython3-dev	amd64	3.10.6-1~22.04.1
libpython3-stdlib	amd64	3.10.6-1~22.04.1
libpython3.10	amd64	3.10.12-1~22.04.16
libpython3.10-dev	amd64	3.10.12-1~22.04.16
libpython3.10-minimal	amd64	3.10.12-1~22.04.16
libpython3.10-stdlib	amd64	3.10.12-1~22.04.16
libqhull-dev	amd64	2020.2-4
libqhull-r8.0	amd64	2020.2-4
libqhull8.0	amd64	2020.2-4
libqhullcpp8.0	amd64	2020.2-4
libqt5concurrent5	amd64	5.15.3+dfsg-2ubuntu0.2
libqt5core5a	amd64	5.15.3+dfsg-2ubuntu0.2
libqt5dbus5	amd64	5.15.3+dfsg-2ubuntu0.2
libqt5designer5	amd64	5.15.3-1
libqt5designercomponents5	amd64	5.15.3-1
libqt5gui5	amd64	5.15.3+dfsg-2ubuntu0.2
libqt5help5	amd64	5.15.3-1
libqt5network5	amd64	5.15.3+dfsg-2ubuntu0.2
libqt5opengl5	amd64	5.15.3+dfsg-2ubuntu0.2
libqt5opengl5-dev	amd64	5.15.3+dfsg-2ubuntu0.2
libqt5positioning5	amd64	5.15.3+dfsg-3
libqt5printsupport5	amd64	5.15.3+dfsg-2ubuntu0.2
libqt5qml5	amd64	5.15.3+dfsg-1
libqt5qmlmodels5	amd64	5.15.3+dfsg-1
libqt5qmlworkerscript5	amd64	5.15.3+dfsg-1
libqt5quick5	amd64	5.15.3+dfsg-1
libqt5quickparticles5	amd64	5.15.3+dfsg-1
libqt5quickshapes5	amd64	5.15.3+dfsg-1
libqt5quicktest5	amd64	5.15.3+dfsg-1
libqt5quickwidgets5	amd64	5.15.3+dfsg-1
libqt5sensors5	amd64	5.15.3-1
libqt5sql5	amd64	5.15.3+dfsg-2ubuntu0.2
libqt5sql5-sqlite	amd64	5.15.3+dfsg-2ubuntu0.2
libqt5svg5	amd64	5.15.3-1
libqt5test5	amd64	5.15.3+dfsg-2ubuntu0.2
libqt5webchannel5	amd64	5.15.3-1
libqt5webkit5	amd64	5.212.0~alpha4-15ubuntu1
libqt5webkit5-dev	amd64	5.212.0~alpha4-15ubuntu1
libqt5widgets5	amd64	5.15.3+dfsg-2ubuntu0.2
libqt5xml5	amd64	5.15.3+dfsg-2ubuntu0.2
libqtpropertybrowser5	amd64	5.0.2-3
libquadmath0	amd64	12.3.0-1ubuntu1~22.04.3
libqwt-qt5-6	amd64	6.1.4-2
libqwt-qt5-dev	amd64	6.1.4-2
librabbitmq4	amd64	0.10.0-1ubuntu2.1
libraqm0	amd64	0.7.0-4ubuntu1
libraw1394-11	amd64	2.1.2-2build2
libraw1394-dev	amd64	2.1.2-2build2
libraw20	amd64	0.20.2-2ubuntu2.22.04.3
librdmacm1	amd64	39.0-1
libreadline8	amd64	8.1.2-1
librhash0	amd64	1.4.2-1ubuntu1
librsvg2-2	amd64	2.52.5+dfsg-3ubuntu0.2
librtmp1	amd64	2.4+20151223.gitfa8646d.1-2build4
librttopo-dev	amd64	1.1.0-2
librttopo1	amd64	1.1.0-2
librubberband2	amd64	2.0.0-2
libsamplerate0	amd64	0.2.2-1build1
libsasl2-2	amd64	2.1.27+dfsg2-3ubuntu1.2
libsasl2-modules-db	amd64	2.1.27+dfsg2-3ubuntu1.2
libsdformat9-9	amd64	9.7.0+ds-1
libsdformat9-dev	amd64	9.7.0+ds-1
libsdl2-2.0-0	amd64	2.0.20+dfsg-2ubuntu1.22.04.1
libsdl2-dev	amd64	2.0.20+dfsg-2ubuntu1.22.04.1
libseccomp2	amd64	2.5.3-2ubuntu3~22.04.1
libselinux1	amd64	3.3-1build2
libselinux1-dev	amd64	3.3-1build2
libsemanage-common	all	3.3-1build2
libsemanage2	amd64	3.3-1build2
libsensors-config	all	1:3.6.0-7ubuntu1
libsensors5	amd64	1:3.6.0-7ubuntu1
libsepol-dev	amd64	3.3-1build1
libsepol2	amd64	3.3-1build1
libserd-0-0	amd64	0.30.10-2
libshiboken2-dev	amd64	5.15.2-2build2
libshiboken2-py3-5.15	amd64	5.15.2-2build2
libshine3	amd64	3.1.1-2
libsigsegv2	amd64	2.13-1ubuntu3
libsimbody-dev	amd64	3.6.1+dfsg-7build1
libsimbody3.6	amd64	3.6.1+dfsg-7build1
libslang2	amd64	2.3.2-5build4
libsm-dev	amd64	2:1.2.3-1build2
libsm6	amd64	2:1.2.3-1build2
libsmartcols1	amd64	2.37.2-4ubuntu3.5
libsnappy1v5	amd64	1.1.8-1build3
libsndfile1	amd64	1.0.31-2ubuntu0.2
libsndio-dev	amd64	1.8.1-1.1
libsndio7.0	amd64	1.8.1-1.1
libsocket++1	amd64	1.12.13+git20131030.5d039ba-1
libsodium-dev	amd64	1.0.18-1ubuntu0.22.04.1
libsodium23	amd64	1.0.18-1ubuntu0.22.04.1
libsord-0-0	amd64	0.16.8-2
libsoxr0	amd64	0.1.3-4build2
libspatialite-dev	amd64	5.0.1-2build2
libspatialite7	amd64	5.0.1-2build2
libspdlog-dev	amd64	1:1.9.2+ds-0.2
libspdlog1	amd64	1:1.9.2+ds-0.2
libspeex1	amd64	1.2~rc1.2-1.1ubuntu3
libsphinxbase3	amd64	0.8+5prealpha+1-13build1
libspnav0	amd64	0.2.3-1
libsqlite3-0	amd64	3.37.2-2ubuntu0.7
libsqlite3-dev	amd64	3.37.2-2ubuntu0.7
libsratom-0-0	amd64	0.6.8-1
libsrt1.4-gnutls	amd64	1.4.4-4
libss2	amd64	1.46.5-2ubuntu1.2
libssh-4	amd64	0.9.6-2ubuntu0.22.04.7
libssh-gcrypt-4	amd64	0.9.6-2ubuntu0.22.04.7
libssl-dev	amd64	3.0.2-0ubuntu1.26
libssl3	amd64	3.0.2-0ubuntu1.26
libstdc++-11-dev	amd64	11.4.0-1ubuntu1~22.04.3
libstdc++6	amd64	12.3.0-1ubuntu1~22.04.3
libsuperlu-dev	amd64	5.3.0+dfsg1-2
libsuperlu5	amd64	5.3.0+dfsg1-2
libswresample-dev	amd64	7:4.4.2-0ubuntu0.22.04.1
libswresample3	amd64	7:4.4.2-0ubuntu0.22.04.1
libswscale-dev	amd64	7:4.4.2-0ubuntu0.22.04.1
libswscale5	amd64	7:4.4.2-0ubuntu0.22.04.1
libsystemd0	amd64	249.11-0ubuntu3.21
libsz2	amd64	1.0.6-1
libtar-dev	amd64	1.2.20-8ubuntu0.22.04.1
libtar0	amd64	1.2.20-8ubuntu0.22.04.1
libtasn1-6	amd64	4.18.0-4ubuntu0.2
libtbb-dev	amd64	2021.5.0-7ubuntu2
libtbb12	amd64	2021.5.0-7ubuntu2
libtbb2	amd64	2020.3-1ubuntu3
libtbbmalloc2	amd64	2021.5.0-7ubuntu2
libtcl8.6	amd64	8.6.12+dfsg-1build1
libtesseract4	amd64	4.1.1-2.1build1
libthai-data	all	0.1.29-1build1
libthai0	amd64	0.1.29-1build1
libtheora-dev	amd64	1.1.1+dfsg.1-15ubuntu4
libtheora0	amd64	1.1.1+dfsg.1-15ubuntu4
libtiff-dev	amd64	4.3.0-6ubuntu0.13
libtiff5	amd64	4.3.0-6ubuntu0.13
libtiffxx5	amd64	4.3.0-6ubuntu0.13
libtinfo6	amd64	6.3-2ubuntu0.2
libtinyobjloader-dev	amd64	2.0.0~rc5+dfsg1-5build1
libtinyobjloader1	amd64	2.0.0~rc5+dfsg1-5build1
libtinyxml-dev	amd64	2.6.2-6ubuntu0.22.04.1
libtinyxml2-9	amd64	9.0.0+dfsg-3
libtinyxml2-dev	amd64	9.0.0+dfsg-3
libtinyxml2.6.2v5	amd64	2.6.2-6ubuntu0.22.04.1
libtirpc-common	all	1.3.2-2ubuntu0.1
libtirpc-dev	amd64	1.3.2-2ubuntu0.1
libtirpc3	amd64	1.3.2-2ubuntu0.1
libtk8.6	amd64	8.6.12-1build1
libtsan0	amd64	11.4.0-1ubuntu1~22.04.3
libtwolame0	amd64	0.4.0-2build2
libubsan1	amd64	12.3.0-1ubuntu1~22.04.3
libucx0	amd64	1.12.1~rc2-1
libudev-dev	amd64	249.11-0ubuntu3.21
libudev1	amd64	249.11-0ubuntu3.21
libudfread0	amd64	1.1.2-1
libunistring2	amd64	1.0-1
libunwind8	amd64	1.3.2-2build2.1
liburdfdom-model3.0	amd64	3.0.1-1
liburdfdom-world3.0	amd64	3.0.1-1
liburiparser-dev	amd64	0.9.6+dfsg-1
liburiparser1	amd64	0.9.6+dfsg-1
libusb-1.0-0	amd64	2:1.0.25-1ubuntu2
libusb-1.0-0-dev	amd64	2:1.0.25-1ubuntu2
libutfcpp-dev	amd64	3.2.1-2
libuuid1	amd64	2.37.2-4ubuntu3.5
libuv1	amd64	1.43.0-1ubuntu0.1
libva-drm2	amd64	2.14.0-1
libva-x11-2	amd64	2.14.0-1
libva2	amd64	2.14.0-1
libvdpau1	amd64	1.4-3build2
libvidstab1.1	amd64	1.1.0-2
libvorbis0a	amd64	1.3.7-1build2
libvorbisenc2	amd64	1.3.7-1build2
libvorbisfile3	amd64	1.3.7-1build2
libvpx7	amd64	1.11.0-2ubuntu2.5
libvtk9-dev	amd64	9.1.0+really9.1.0+dfsg2-3build1
libvtk9-java	amd64	9.1.0+really9.1.0+dfsg2-3build1
libvtk9-qt-dev	amd64	9.1.0+really9.1.0+dfsg2-3build1
libvtk9.1	amd64	9.1.0+really9.1.0+dfsg2-3build1
libvtk9.1-qt	amd64	9.1.0+really9.1.0+dfsg2-3build1
libvulkan-dev	amd64	1.3.204.1-2
libvulkan1	amd64	1.3.204.1-2
libwacom-common	all	2.2.0-1
libwacom9	amd64	2.2.0-1
libwayland-bin	amd64	1.20.0-1ubuntu0.1
libwayland-client0	amd64	1.20.0-1ubuntu0.1
libwayland-cursor0	amd64	1.20.0-1ubuntu0.1
libwayland-dev	amd64	1.20.0-1ubuntu0.1
libwayland-egl1	amd64	1.20.0-1ubuntu0.1
libwayland-server0	amd64	1.20.0-1ubuntu0.1
libwebp-dev	amd64	1.2.2-2ubuntu0.22.04.2
libwebp7	amd64	1.2.2-2ubuntu0.22.04.2
libwebpdemux2	amd64	1.2.2-2ubuntu0.22.04.2
libwebpmux3	amd64	1.2.2-2ubuntu0.22.04.2
libwoff1	amd64	1.0.2-1build4
libx11-6	amd64	2:1.7.5-1ubuntu0.3
libx11-data	all	2:1.7.5-1ubuntu0.3
libx11-dev	amd64	2:1.7.5-1ubuntu0.3
libx11-xcb1	amd64	2:1.7.5-1ubuntu0.3
libx264-163	amd64	2:0.163.3060+git5db6aa6-2build1
libx265-199	amd64	3.5-2
libx265-dev	amd64	3.5-2
libxau-dev	amd64	1:1.0.9-1build5
libxau6	amd64	1:1.0.9-1build5
libxaw7	amd64	2:1.0.14-1
libxaw7-dev	amd64	2:1.0.14-1
libxcb-dri2-0	amd64	1.14-3ubuntu3
libxcb-dri3-0	amd64	1.14-3ubuntu3
libxcb-glx0	amd64	1.14-3ubuntu3
libxcb-icccm4	amd64	0.4.1-1.1build2
libxcb-image0	amd64	0.4.0-2
libxcb-keysyms1	amd64	0.4.0-1build3
libxcb-present0	amd64	1.14-3ubuntu3
libxcb-randr0	amd64	1.14-3ubuntu3
libxcb-render-util0	amd64	0.3.9-1build3
libxcb-render0	amd64	1.14-3ubuntu3
libxcb-shape0	amd64	1.14-3ubuntu3
libxcb-shm0	amd64	1.14-3ubuntu3
libxcb-sync1	amd64	1.14-3ubuntu3
libxcb-util1	amd64	0.4.0-1build2
libxcb-xfixes0	amd64	1.14-3ubuntu3
libxcb-xinerama0	amd64	1.14-3ubuntu3
libxcb-xinput0	amd64	1.14-3ubuntu3
libxcb-xkb1	amd64	1.14-3ubuntu3
libxcb1	amd64	1.14-3ubuntu3
libxcb1-dev	amd64	1.14-3ubuntu3
libxcomposite1	amd64	1:0.4.5-1build2
libxcursor-dev	amd64	1:1.2.0-2build4
libxcursor1	amd64	1:1.2.0-2build4
libxdamage1	amd64	1:1.1.5-2build2
libxdmcp-dev	amd64	1:1.1.3-0ubuntu5
libxdmcp6	amd64	1:1.1.3-0ubuntu5
libxerces-c-dev	amd64	3.2.3+debian-3ubuntu0.1
libxerces-c3.2	amd64	3.2.3+debian-3ubuntu0.1
libxext-dev	amd64	2:1.3.4-1build1
libxext6	amd64	2:1.3.4-1build1
libxfixes-dev	amd64	1:6.0.0-1
libxfixes3	amd64	1:6.0.0-1
libxft-dev	amd64	2.3.4-1
libxft2	amd64	2.3.4-1
libxi-dev	amd64	2:1.8-1build1
libxi6	amd64	2:1.8-1build1
libxinerama-dev	amd64	2:1.1.4-3
libxinerama1	amd64	2:1.1.4-3
libxkbcommon-dev	amd64	1.4.0-1
libxkbcommon-x11-0	amd64	1.4.0-1
libxkbcommon0	amd64	1.4.0-1
libxml2	amd64	2.9.13+dfsg-1ubuntu0.12
libxml2-dev	amd64	2.9.13+dfsg-1ubuntu0.12
libxml2-utils	amd64	2.9.13+dfsg-1ubuntu0.12
libxmu-dev	amd64	2:1.1.3-3
libxmu-headers	all	2:1.1.3-3
libxmu6	amd64	2:1.1.3-3
libxnvctrl0	amd64	510.47.03-0ubuntu1.22.04.1
libxpm-dev	amd64	1:3.5.12-1ubuntu0.22.04.3
libxpm4	amd64	1:3.5.12-1ubuntu0.22.04.3
libxrandr-dev	amd64	2:1.5.2-1build1
libxrandr2	amd64	2:1.5.2-1build1
libxrender-dev	amd64	1:0.9.10-1build4
libxrender1	amd64	1:0.9.10-1build4
libxshmfence1	amd64	1.3-1build4
libxsimd-dev	amd64	7.6.0-2
libxslt1.1	amd64	1.1.34-4ubuntu0.22.04.5
libxss-dev	amd64	1:1.2.3-1build2
libxss1	amd64	1:1.2.3-1build2
libxt-dev	amd64	1:1.2.1-1
libxt6	amd64	1:1.2.1-1
libxtst6	amd64	2:1.2.3-1build4
libxv-dev	amd64	2:1.0.11-1build2
libxv1	amd64	2:1.0.11-1build2
libxvidcore4	amd64	2:1.3.7-1
libxxf86vm-dev	amd64	1:1.1.4-1build3
libxxf86vm1	amd64	1:1.1.4-1build3
libxxhash0	amd64	0.8.1-1
libyaml-0-2	amd64	0.2.2-1build2
libyaml-cpp-dev	amd64	0.7.0+dfsg-8build1
libyaml-cpp0.7	amd64	0.7.0+dfsg-8build1
libyaml-dev	amd64	0.2.2-1build2
libz3-4	amd64	4.8.12-1
libzimg2	amd64	3.0.3+ds1-1
libzip-dev	amd64	1.7.3-1ubuntu2
libzip4	amd64	1.7.3-1ubuntu2
libzmq3-dev	amd64	4.3.4-2
libzmq5	amd64	4.3.4-2
libzstd-dev	amd64	1.4.8+dfsg-3build1
libzstd1	amd64	1.4.8+dfsg-3build1
libzvbi-common	all	0.2.35-19
libzvbi0	amd64	0.2.35-19
libzzip-0-13	amd64	0.13.72+dfsg.1-1.1
linux-libc-dev	amd64	5.15.0-186.196
login	amd64	1:4.8.1-2ubuntu2.2
logsave	amd64	1.46.5-2ubuntu1.2
lsb-base	all	11.1.0ubuntu4
lsb-release	all	11.1.0ubuntu4
lto-disabled-list	all	24
m4	amd64	1.4.18-5ubuntu2
mailcap	all	3.70+nmu1ubuntu1.22.04.1
make	amd64	4.3-4.1build1
mawk	amd64	1.3.4.20200120-3
media-types	all	7.0.0
mime-support	all	3.66
mount	amd64	2.37.2-4ubuntu3.5
mpi-default-bin	amd64	1.14
mpi-default-dev	amd64	1.14
mysql-common	all	5.8+1.0.8
ncurses-base	all	6.3-2ubuntu0.2
ncurses-bin	amd64	6.3-2ubuntu0.2
ocl-icd-libopencl1	amd64	2.2.14-3
openjdk-11-jdk	amd64	11.0.31+11-1ubuntu1~22.04.2
openjdk-11-jdk-headless	amd64	11.0.31+11-1ubuntu1~22.04.2
openjdk-11-jre	amd64	11.0.31+11-1ubuntu1~22.04.2
openjdk-11-jre-headless	amd64	11.0.31+11-1ubuntu1~22.04.2
openmpi-bin	amd64	4.1.2-2ubuntu1
openmpi-common	all	4.1.2-2ubuntu1
openssh-client	amd64	1:8.9p1-3ubuntu0.16
openssl	amd64	3.0.2-0ubuntu1.26
passwd	amd64	1:4.8.1-2ubuntu2.2
patch	amd64	2.7.6-7build2
perl	amd64	5.34.0-3ubuntu1.7
perl-base	amd64	5.34.0-3ubuntu1.7
perl-modules-5.34	all	5.34.0-3ubuntu1.7
pinentry-curses	amd64	1.1.1-1build2
pkg-config	amd64	0.29.2-1ubuntu3
pocketsphinx-en-us	all	0.8.0+real5prealpha+1-14ubuntu1
procps	amd64	2:3.3.17-6ubuntu2.1
proj-data	all	8.2.1-1
protobuf-compiler	amd64	3.12.4-1ubuntu7.22.04.6
pybind11-dev	all	2.9.1-2
pydocstyle	all	6.1.1-1
pyqt5-dev	all	5.15.6+dfsg-1ubuntu3
python-matplotlib-data	all	3.5.1-2build1
python3	amd64	3.10.6-1~22.04.1
python3-appdirs	all	1.4.4-2
python3-argcomplete	all	1.8.1-1.5
python3-attr	all	21.2.0-1ubuntu1
python3-beniget	all	0.4.1-2
python3-brotli	amd64	1.0.9-2build6
python3-cairo	amd64	1.20.1-3build1
python3-catkin-pkg-modules	all	1.1.0-2
python3-cffi-backend	amd64	1.15.0-1build2
python3-colcon-argcomplete	all	0.3.3+upstream-1
python3-colcon-bash	all	0.5.0-100
python3-colcon-cd	all	0.2.1-100
python3-colcon-cmake	all	0.2.30+upstream-1
python3-colcon-common-extensions	all	0.3.0-100
python3-colcon-core	all	0.21.0+upstream-1
python3-colcon-defaults	all	0.2.9+upstream-1
python3-colcon-devtools	all	0.3.0-100
python3-colcon-library-path	all	0.2.1-100
python3-colcon-metadata	all	0.2.5-100
python3-colcon-mixin	all	0.2.3-100
python3-colcon-notification	all	0.3.1+upstream-1
python3-colcon-output	all	0.2.14+upstream-1
python3-colcon-package-information	all	0.4.1+upstream-1
python3-colcon-package-selection	all	0.2.10-100
python3-colcon-parallel-executor	all	0.3.0-100
python3-colcon-pkg-config	all	0.1.0-100
python3-colcon-powershell	all	0.5.0+upstream-1
python3-colcon-python-setup-py	all	0.2.9-100
python3-colcon-recursive-crawl	all	0.2.3-100
python3-colcon-ros	all	0.5.0+upstream-1
python3-colcon-test-result	all	0.3.8-100
python3-colcon-zsh	all	0.5.0-100
python3-cryptography	amd64	3.4.8-1ubuntu2.4
python3-cycler	all	0.11.0-1
python3-dateutil	all	2.8.1-6
python3-dbus	amd64	1.2.18-3build1
python3-decorator	all	4.4.2-0ubuntu1
python3-dev	amd64	3.10.6-1~22.04.1
python3-distlib	all	0.3.4-1
python3-distro	all	1.7.0-1
python3-distutils	all	3.10.8-1~22.04
python3-docutils	all	0.17.1+dfsg-2
python3-empy	all	3.3.4-2
python3-flake8	all	4.0.1-2
python3-fonttools	amd64	4.29.1-2build1
python3-fs	all	2.4.12-1
python3-gast	all	0.5.2-2
python3-importlib-metadata	all	4.6.4-1
python3-iniconfig	all	1.1.1-2
python3-kiwisolver	amd64	1.3.2-1build1
python3-lark	all	1.1.1-1
python3-lib2to3	all	3.10.8-1~22.04
python3-lxml	amd64	4.8.0-1build1
python3-lz4	amd64	3.1.3+dfsg-1build3
python3-matplotlib	amd64	3.5.1-2build1
python3-mccabe	all	0.6.1-3
python3-minimal	amd64	3.10.6-1~22.04.1
python3-more-itertools	all	8.10.0-2
python3-mpi4py	amd64	3.1.3-1build2
python3-mpmath	all	1.2.1-2
python3-netifaces	amd64	0.11.0-1build2
python3-notify2	all	0.3-4
python3-numpy	amd64	1:1.21.5-1ubuntu22.04.1
python3-opencv	amd64	4.5.4+dfsg-9ubuntu4
python3-packaging	all	21.3-1
python3-pil	amd64	9.0.1-1ubuntu0.4
python3-pil.imagetk	amd64	9.0.1-1ubuntu0.4
python3-pip	all	22.0.2+dfsg-1ubuntu0.7
python3-pkg-resources	all	59.6.0-1.2ubuntu0.22.04.3
python3-pluggy	all	0.13.0-7.1
python3-ply	all	3.11-5
python3-psutil	amd64	5.9.0-1build1
python3-py	all	1.10.0-1
python3-pycodestyle	all	2.8.0-2
python3-pydocstyle	all	6.1.1-1
python3-pydot	all	1.4.2-1build1
python3-pyflakes	all	2.4.0-2
python3-pygments	all	2.11.2+dfsg-2ubuntu0.1
python3-pykdl	amd64	1.5.1-2build1
python3-pyparsing	all	2.4.7-1
python3-pyqt5	amd64	5.15.6+dfsg-1ubuntu3
python3-pyqt5.qtsvg	amd64	5.15.6+dfsg-1ubuntu3
python3-pyqt5.sip	amd64	12.9.1-1build1
python3-pyside2.qtcore	amd64	5.15.2-2build2
python3-pyside2.qtgui	amd64	5.15.2-2build2
python3-pyside2.qtsvg	amd64	5.15.2-2build2
python3-pyside2.qtwidgets	amd64	5.15.2-2build2
python3-pytest	all	6.2.5-1ubuntu2
python3-pythran	amd64	0.10.0+ds2-1
python3-roman	all	3.3-1
python3-rosdep	all	0.26.0-1
python3-rosdep-modules	all	0.26.0-1
python3-rosdistro-modules	all	1.0.1-1
python3-rospkg-modules	all	1.6.1-1
python3-scipy	amd64	1.8.0-1exp2ubuntu1
python3-setuptools	all	59.6.0-1.2ubuntu0.22.04.3
python3-sip	amd64	4.19.25+dfsg-3build1
python3-sip-dev	amd64	4.19.25+dfsg-3build1
python3-six	all	1.16.0-3ubuntu1
python3-snowballstemmer	all	2.2.0-1build1
python3-sympy	all	1.9-1
python3-tk	amd64	3.10.8-1~22.04
python3-toml	all	0.10.2-1
python3-tz	all	2022.1-1ubuntu0.22.04.1
python3-ufolib2	all	0.13.1+dfsg1-1
python3-unicodedata2	amd64	14.0.0+ds-8
python3-vcstool	all	0.3.0-1
python3-vtk9	amd64	9.1.0+really9.1.0+dfsg2-3build1
python3-wheel	all	0.37.1-2ubuntu0.22.04.1
python3-yaml	amd64	5.4.1-1ubuntu1
python3-zipp	all	1.0.0-3ubuntu0.1
python3.10	amd64	3.10.12-1~22.04.16
python3.10-dev	amd64	3.10.12-1~22.04.16
python3.10-minimal	amd64	3.10.12-1~22.04.16
qdoc-qt5	amd64	5.15.3-1
qhelpgenerator-qt5	amd64	5.15.3-1
qt5-assistant	amd64	5.15.3-1
qt5-qmake	amd64	5.15.3+dfsg-2ubuntu0.2
qt5-qmake-bin	amd64	5.15.3+dfsg-2ubuntu0.2
qt5-qmltooling-plugins	amd64	5.15.3+dfsg-1
qtattributionsscanner-qt5	amd64	5.15.3-1
qtbase5-dev	amd64	5.15.3+dfsg-2ubuntu0.2
qtbase5-dev-tools	amd64	5.15.3+dfsg-2ubuntu0.2
qtchooser	amd64	66-2build1
qtdeclarative5-dev	amd64	5.15.3+dfsg-1
qtdeclarative5-dev-tools	amd64	5.15.3+dfsg-1
qttools5-dev	amd64	5.15.3-1
qttools5-dev-tools	amd64	5.15.3-1
qttools5-private-dev	amd64	5.15.3-1
readline-common	all	8.1.2-1
ros-humble-action-msgs	amd64	1.2.3-1jammy.20260605.130130
ros-humble-action-tutorials-cpp	amd64	0.20.9-1jammy.20260605.154728
ros-humble-action-tutorials-interfaces	amd64	0.20.9-1jammy.20260605.130516
ros-humble-action-tutorials-py	amd64	0.20.9-1jammy.20260605.143047
ros-humble-actionlib-msgs	amd64	4.9.1-1jammy.20260605.124521
ros-humble-ament-cmake	amd64	1.3.14-1jammy.20260226.035055
ros-humble-ament-cmake-auto	amd64	1.3.14-1jammy.20260304.074922
ros-humble-ament-cmake-copyright	amd64	0.12.15-1jammy.20260304.195729
ros-humble-ament-cmake-core	amd64	1.3.14-1jammy.20260224.185609
ros-humble-ament-cmake-cppcheck	amd64	0.12.15-1jammy.20260304.195901
ros-humble-ament-cmake-cpplint	amd64	0.12.15-1jammy.20260304.195910
ros-humble-ament-cmake-export-definitions	amd64	1.3.14-1jammy.20260226.010509
ros-humble-ament-cmake-export-dependencies	amd64	1.3.14-1jammy.20260226.011144
ros-humble-ament-cmake-export-include-directories	amd64	1.3.14-1jammy.20260226.010305
ros-humble-ament-cmake-export-interfaces	amd64	1.3.14-1jammy.20260226.005715
ros-humble-ament-cmake-export-libraries	amd64	1.3.14-1jammy.20260226.004939
ros-humble-ament-cmake-export-link-flags	amd64	1.3.14-1jammy.20260226.010357
ros-humble-ament-cmake-export-targets	amd64	1.3.14-1jammy.20260226.005705
ros-humble-ament-cmake-flake8	amd64	0.12.15-1jammy.20260304.200009
ros-humble-ament-cmake-gen-version-h	amd64	1.3.14-1jammy.20260226.034234
ros-humble-ament-cmake-gmock	amd64	1.3.14-1jammy.20260226.034220
ros-humble-ament-cmake-gtest	amd64	1.3.14-1jammy.20260226.013944
ros-humble-ament-cmake-include-directories	amd64	1.3.14-1jammy.20260226.010650
ros-humble-ament-cmake-libraries	amd64	1.3.14-1jammy.20260226.010453
ros-humble-ament-cmake-lint-cmake	amd64	0.12.15-1jammy.20260304.195414
ros-humble-ament-cmake-pep257	amd64	0.12.15-1jammy.20260304.200058
ros-humble-ament-cmake-pytest	amd64	1.3.14-1jammy.20260226.014042
ros-humble-ament-cmake-python	amd64	1.3.14-1jammy.20260226.005145
ros-humble-ament-cmake-ros	amd64	0.10.0-3jammy.20260304.201222
ros-humble-ament-cmake-target-dependencies	amd64	1.3.14-1jammy.20260226.013622
ros-humble-ament-cmake-test	amd64	1.3.14-1jammy.20260226.013528
ros-humble-ament-cmake-uncrustify	amd64	0.12.15-1jammy.20260304.195907
ros-humble-ament-cmake-version	amd64	1.3.14-1jammy.20260226.010514
ros-humble-ament-cmake-xmllint	amd64	0.12.15-1jammy.20260304.200103
ros-humble-ament-copyright	amd64	0.12.15-1jammy.20260226.034848
ros-humble-ament-cppcheck	amd64	0.12.15-1jammy.20260226.010724
ros-humble-ament-cpplint	amd64	0.12.15-1jammy.20260304.090253
ros-humble-ament-flake8	amd64	0.12.15-1jammy.20260226.013519
ros-humble-ament-index-cpp	amd64	1.4.1-1jammy.20260304.201844
ros-humble-ament-index-python	amd64	1.4.1-1jammy.20260304.090250
ros-humble-ament-lint	amd64	0.12.15-1jammy.20260226.005140
ros-humble-ament-lint-auto	amd64	0.12.15-1jammy.20260226.014133
ros-humble-ament-lint-cmake	amd64	0.12.15-1jammy.20260304.090258
ros-humble-ament-lint-common	amd64	0.12.15-1jammy.20260304.201149
ros-humble-ament-package	amd64	0.14.2-1jammy.20260213.215617
ros-humble-ament-pep257	amd64	0.12.15-1jammy.20260226.014506
ros-humble-ament-uncrustify	amd64	0.12.15-1jammy.20260304.195710
ros-humble-ament-xmllint	amd64	0.12.15-1jammy.20260304.090301
ros-humble-angles	amd64	1.15.0-1jammy.20260304.075013
ros-humble-builtin-interfaces	amd64	1.2.3-1jammy.20260605.111300
ros-humble-camera-calibration-parsers	amd64	3.1.13-1jammy.20260724.031210
ros-humble-camera-info-manager	amd64	3.1.13-1jammy.20260726.110157
ros-humble-class-loader	amd64	2.2.0-3jammy.20260304.204543
ros-humble-common-interfaces	amd64	4.9.1-1jammy.20260605.124746
ros-humble-composition	amd64	0.20.9-1jammy.20260605.145857
ros-humble-composition-interfaces	amd64	1.2.3-1jammy.20260605.120225
ros-humble-console-bridge-vendor	amd64	1.4.1-1jammy.20260304.202710
ros-humble-cv-bridge	amd64	3.2.1-1jammy.20260605.133243
ros-humble-demo-nodes-cpp	amd64	0.20.9-1jammy.20260605.145559
ros-humble-demo-nodes-cpp-native	amd64	0.20.9-1jammy.20260605.145927
ros-humble-demo-nodes-py	amd64	0.20.9-1jammy.20260605.140525
ros-humble-depthimage-to-laserscan	amd64	2.5.1-1jammy.20260605.151201
ros-humble-desktop	amd64	0.10.0-1jammy.20260612.213429
ros-humble-diagnostic-msgs	amd64	4.9.1-1jammy.20260605.122509
ros-humble-domain-coordinator	amd64	0.10.0-3jammy.20260304.090332
ros-humble-dummy-map-server	amd64	0.20.9-1jammy.20260605.151117
ros-humble-dummy-robot-bringup	amd64	0.20.9-1jammy.20260605.223217
ros-humble-dummy-sensors	amd64	0.20.9-1jammy.20260605.151204
ros-humble-eigen3-cmake-module	amd64	0.1.1-4jammy.20260304.195907
ros-humble-example-interfaces	amd64	0.9.3-2jammy.20260605.130624
ros-humble-examples-rclcpp-minimal-action-client	amd64	0.15.5-1jammy.20260605.154731
ros-humble-examples-rclcpp-minimal-action-server	amd64	0.15.5-1jammy.20260605.154743
ros-humble-examples-rclcpp-minimal-client	amd64	0.15.5-1jammy.20260605.151749
ros-humble-examples-rclcpp-minimal-composition	amd64	0.15.5-1jammy.20260605.145938
ros-humble-examples-rclcpp-minimal-publisher	amd64	0.15.5-1jammy.20260605.145301
ros-humble-examples-rclcpp-minimal-service	amd64	0.15.5-1jammy.20260605.151815
ros-humble-examples-rclcpp-minimal-subscriber	amd64	0.15.5-1jammy.20260606.074949
ros-humble-examples-rclcpp-minimal-timer	amd64	0.15.5-1jammy.20260605.154444
ros-humble-examples-rclcpp-multithreaded-executor	amd64	0.15.5-1jammy.20260605.145259
ros-humble-examples-rclpy-executors	amd64	0.15.5-1jammy.20260605.142342
ros-humble-examples-rclpy-minimal-action-client	amd64	0.15.5-1jammy.20260605.143046
ros-humble-examples-rclpy-minimal-action-server	amd64	0.15.5-1jammy.20260605.143047
ros-humble-examples-rclpy-minimal-client	amd64	0.15.5-1jammy.20260605.140534
ros-humble-examples-rclpy-minimal-publisher	amd64	0.15.5-1jammy.20260605.142344
ros-humble-examples-rclpy-minimal-service	amd64	0.15.5-1jammy.20260605.142244
ros-humble-examples-rclpy-minimal-subscriber	amd64	0.15.5-1jammy.20260605.142404
ros-humble-fastcdr	amd64	1.0.29-1jammy.20260226.010952
ros-humble-fastrtps	amd64	2.6.11-1jammy.20260304.200925
ros-humble-fastrtps-cmake-module	amd64	2.2.4-1jammy.20260304.202011
ros-humble-foonathan-memory-vendor	amd64	1.2.0-3jammy.20260304.200554
ros-humble-gazebo-dev	amd64	3.9.0-1jammy.20260304.090426
ros-humble-gazebo-msgs	amd64	3.9.0-1jammy.20260718.015750
ros-humble-gazebo-plugins	amd64	3.9.0-1jammy.20260804.195543
ros-humble-gazebo-ros	amd64	3.9.0-1jammy.20260726.134039
ros-humble-gazebo-ros-pkgs	amd64	3.9.0-1jammy.20260804.212537
ros-humble-geometry-msgs	amd64	4.9.1-1jammy.20260605.121552
ros-humble-geometry2	amd64	0.25.20-2jammy.20260606.043941
ros-humble-gmock-vendor	amd64	1.10.9006-1jammy.20260226.011659
ros-humble-gtest-vendor	amd64	1.10.9006-1jammy.20260226.011046
ros-humble-ignition-cmake2-vendor	amd64	0.0.2-2jammy.20260304.200630
ros-humble-ignition-math6-vendor	amd64	0.0.2-2jammy.20260304.200852
ros-humble-image-geometry	amd64	3.2.1-1jammy.20260605.133257
ros-humble-image-tools	amd64	0.20.9-1jammy.20260605.145929
ros-humble-image-transport	amd64	3.1.13-1jammy.20260605.160640
ros-humble-interactive-markers	amd64	2.3.2-2jammy.20260605.164625
ros-humble-intra-process-demo	amd64	0.20.9-1jammy.20260605.145357
ros-humble-joy	amd64	3.3.0-1jammy.20260605.151315
ros-humble-kdl-parser	amd64	2.6.4-1jammy.20260329.192613
ros-humble-keyboard-handler	amd64	0.0.5-1jammy.20260304.202120
ros-humble-laser-geometry	amd64	2.4.1-1jammy.20260605.151049
ros-humble-launch	amd64	1.0.14-1jammy.20260304.195519
ros-humble-launch-ros	amd64	0.19.13-1jammy.20260605.140440
ros-humble-launch-testing	amd64	1.0.14-1jammy.20260304.200104
ros-humble-launch-testing-ament-cmake	amd64	1.0.14-1jammy.20260304.202633
ros-humble-launch-testing-ros	amd64	0.19.13-1jammy.20260605.142437
ros-humble-launch-xml	amd64	1.0.14-1jammy.20260304.195726
ros-humble-launch-yaml	amd64	1.0.14-1jammy.20260304.195728
ros-humble-libcurl-vendor	amd64	3.1.3-1jammy.20260304.090502
ros-humble-libstatistics-collector	amd64	1.3.4-1jammy.20260605.134608
ros-humble-libyaml-vendor	amd64	1.2.2-2jammy.20260304.204644
ros-humble-lifecycle	amd64	0.20.9-1jammy.20260605.155631
ros-humble-lifecycle-msgs	amd64	1.2.3-1jammy.20260605.120507
ros-humble-logging-demo	amd64	0.20.9-1jammy.20260605.145556
ros-humble-map-msgs	amd64	2.1.0-3jammy.20260605.123735
ros-humble-message-filters	amd64	4.3.18-1jammy.20260605.155501
ros-humble-nav-msgs	amd64	4.9.1-1jammy.20260605.122605
ros-humble-orocos-kdl-vendor	amd64	0.2.5-1jammy.20260304.201339
ros-humble-osrf-pycommon	amd64	2.1.6-1jammy.20260226.011505
ros-humble-pcl-conversions	amd64	2.4.5-2jammy.20260605.160413
ros-humble-pcl-msgs	amd64	1.0.0-7jammy.20260605.123825
ros-humble-pendulum-control	amd64	0.20.9-1jammy.20260605.155926
ros-humble-pendulum-msgs	amd64	0.20.9-1jammy.20260605.112441
ros-humble-pluginlib	amd64	5.1.4-1jammy.20260329.184249
ros-humble-pybind11-vendor	amd64	2.4.2-1jammy.20260304.195023
ros-humble-python-cmake-module	amd64	0.10.0-2jammy.20260304.202554
ros-humble-python-orocos-kdl-vendor	amd64	0.2.5-1jammy.20260304.202632
ros-humble-python-qt-binding	amd64	1.1.3-1jammy.20260304.202555
ros-humble-qt-dotgraph	amd64	2.2.5-1jammy.20260330.190918
ros-humble-qt-gui	amd64	2.2.5-1jammy.20260330.190956
ros-humble-qt-gui-cpp	amd64	2.2.5-1jammy.20260330.192407
ros-humble-qt-gui-py-common	amd64	2.2.5-1jammy.20260330.190941
ros-humble-quality-of-service-demo-cpp	amd64	0.20.9-1jammy.20260605.145617
ros-humble-quality-of-service-demo-py	amd64	0.20.9-1jammy.20260605.142730
ros-humble-rcl	amd64	5.3.13-1jammy.20260605.133005
ros-humble-rcl-action	amd64	5.3.13-1jammy.20260605.134634
ros-humble-rcl-interfaces	amd64	1.2.3-1jammy.20260605.112457
ros-humble-rcl-lifecycle	amd64	5.3.13-1jammy.20260605.134607
ros-humble-rcl-logging-interface	amd64	2.3.2-1jammy.20260304.204603
ros-humble-rcl-logging-spdlog	amd64	2.3.2-1jammy.20260304.204758
ros-humble-rcl-yaml-param-parser	amd64	5.3.13-1jammy.20260605.105113
ros-humble-rclcpp	amd64	16.0.19-1jammy.20260605.135013
ros-humble-rclcpp-action	amd64	16.0.19-1jammy.20260605.153931
ros-humble-rclcpp-components	amd64	16.0.19-1jammy.20260605.145103
ros-humble-rclcpp-lifecycle	amd64	16.0.19-1jammy.20260605.155033
ros-humble-rclpy	amd64	3.3.21-1jammy.20260605.135319
ros-humble-rcpputils	amd64	2.4.6-1jammy.20260304.204148
ros-humble-rcutils	amd64	5.1.8-1jammy.20260304.203555
ros-humble-resource-retriever	amd64	3.1.3-1jammy.20260304.202624
ros-humble-rmw	amd64	6.1.2-1jammy.20260605.104606
ros-humble-rmw-dds-common	amd64	1.6.0-2jammy.20260605.120601
ros-humble-rmw-fastrtps-cpp	amd64	6.2.10-1jammy.20260605.131811
ros-humble-rmw-fastrtps-shared-cpp	amd64	6.2.10-1jammy.20260605.121046
ros-humble-rmw-implementation	amd64	2.8.5-1jammy.20260605.132420
ros-humble-rmw-implementation-cmake	amd64	6.1.2-1jammy.20260304.202612
ros-humble-robot-state-publisher	amd64	3.0.3-2jammy.20260605.161527
ros-humble-ros-base	amd64	0.10.0-1jammy.20260607.081808
ros-humble-ros-core	amd64	0.10.0-1jammy.20260607.081651
ros-humble-ros-environment	amd64	3.2.2-1jammy.20260226.005101
ros-humble-ros-workspace	amd64	1.0.2-2jammy.20260224.185744
ros-humble-ros2action	amd64	0.18.18-1jammy.20260605.143441
ros-humble-ros2bag	amd64	0.15.16-1jammy.20260606.054621
ros-humble-ros2cli	amd64	0.18.18-1jammy.20260605.143144
ros-humble-ros2cli-common-extensions	amd64	0.1.2-1jammy.20260607.081403
ros-humble-ros2component	amd64	0.18.18-1jammy.20260605.153731
ros-humble-ros2doctor	amd64	0.18.18-1jammy.20260605.143424
ros-humble-ros2interface	amd64	0.18.18-1jammy.20260605.143514
ros-humble-ros2launch	amd64	0.19.13-1jammy.20260605.153902
ros-humble-ros2lifecycle	amd64	0.18.18-1jammy.20260607.080534
ros-humble-ros2multicast	amd64	0.18.18-1jammy.20260605.153517
ros-humble-ros2node	amd64	0.18.18-1jammy.20260605.143602
ros-humble-ros2param	amd64	0.18.18-1jammy.20260605.144442
ros-humble-ros2pkg	amd64	0.18.18-1jammy.20260605.153450
ros-humble-ros2plugin	amd64	5.1.4-1jammy.20260605.153832
ros-humble-ros2run	amd64	0.18.18-1jammy.20260605.153906
ros-humble-ros2service	amd64	0.18.18-1jammy.20260605.143608
ros-humble-ros2topic	amd64	0.18.18-1jammy.20260605.143418
ros-humble-rosbag2	amd64	0.15.16-1jammy.20260606.055815
ros-humble-rosbag2-compression	amd64	0.15.16-1jammy.20260606.051156
ros-humble-rosbag2-compression-zstd	amd64	0.15.16-1jammy.20260606.051525
ros-humble-rosbag2-cpp	amd64	0.15.16-1jammy.20260606.050403
ros-humble-rosbag2-interfaces	amd64	0.15.16-1jammy.20260605.112755
ros-humble-rosbag2-py	amd64	0.15.16-1jammy.20260606.054021
ros-humble-rosbag2-storage	amd64	0.15.16-1jammy.20260606.044946
ros-humble-rosbag2-storage-default-plugins	amd64	0.15.16-1jammy.20260606.045655
ros-humble-rosbag2-transport	amd64	0.15.16-1jammy.20260606.051823
ros-humble-rosgraph-msgs	amd64	1.2.3-1jammy.20260605.120235
ros-humble-rosidl-adapter	amd64	3.1.9-1jammy.20260605.103907
ros-humble-rosidl-cli	amd64	3.1.9-1jammy.20260605.103654
ros-humble-rosidl-cmake	amd64	3.1.9-1jammy.20260605.104545
ros-humble-rosidl-default-generators	amd64	1.2.1-1jammy.20260605.110632
ros-humble-rosidl-default-runtime	amd64	1.2.1-1jammy.20260605.110631
ros-humble-rosidl-generator-c	amd64	3.1.9-1jammy.20260605.105030
ros-humble-rosidl-generator-cpp	amd64	3.1.9-1jammy.20260605.105125
ros-humble-rosidl-generator-py	amd64	0.14.6-1jammy.20260605.110351
ros-humble-rosidl-generator-rs	amd64	0.4.12-1jammy.20260605.105312
ros-humble-rosidl-parser	amd64	3.1.9-1jammy.20260605.104513
ros-humble-rosidl-runtime-c	amd64	3.1.9-1jammy.20260605.104324
ros-humble-rosidl-runtime-cpp	amd64	3.1.9-1jammy.20260605.104600
ros-humble-rosidl-runtime-py	amd64	0.9.3-1jammy.20260605.131932
ros-humble-rosidl-typesupport-c	amd64	2.0.2-1jammy.20260605.105017
ros-humble-rosidl-typesupport-cpp	amd64	2.0.2-1jammy.20260605.105306
ros-humble-rosidl-typesupport-fastrtps-c	amd64	2.2.4-1jammy.20260605.105818
ros-humble-rosidl-typesupport-fastrtps-cpp	amd64	2.2.4-1jammy.20260605.105548
ros-humble-rosidl-typesupport-interface	amd64	3.1.9-1jammy.20260605.103839
ros-humble-rosidl-typesupport-introspection-c	amd64	3.1.9-1jammy.20260605.104934
ros-humble-rosidl-typesupport-introspection-cpp	amd64	3.1.9-1jammy.20260605.105028
ros-humble-rpyutils	amd64	0.2.2-1jammy.20260304.195455
ros-humble-rqt-action	amd64	2.0.1-3jammy.20260607.080918
ros-humble-rqt-bag	amd64	1.1.6-1jammy.20260607.080645
ros-humble-rqt-bag-plugins	amd64	1.1.6-1jammy.20260607.080927
ros-humble-rqt-common-plugins	amd64	1.2.0-1jammy.20260607.081308
ros-humble-rqt-console	amd64	2.0.3-1jammy.20260607.080657
ros-humble-rqt-graph	amd64	1.3.2-1jammy.20260607.080738
ros-humble-rqt-gui	amd64	1.1.9-1jammy.20260605.152927
ros-humble-rqt-gui-cpp	amd64	1.1.9-1jammy.20260605.155155
ros-humble-rqt-gui-py	amd64	1.1.9-1jammy.20260607.073506
ros-humble-rqt-image-view	amd64	1.2.0-2jammy.20260605.164150
ros-humble-rqt-msg	amd64	1.2.0-1jammy.20260607.080828
ros-humble-rqt-plot	amd64	1.1.5-1jammy.20260607.080742
ros-humble-rqt-publisher	amd64	1.5.0-1jammy.20260607.080607
ros-humble-rqt-py-common	amd64	1.1.9-1jammy.20260605.152939
ros-humble-rqt-py-console	amd64	1.0.2-3jammy.20260607.080746
ros-humble-rqt-reconfigure	amd64	1.1.4-1jammy.20260607.080842
ros-humble-rqt-service-caller	amd64	1.0.5-3jammy.20260607.080852
ros-humble-rqt-shell	amd64	1.0.2-3jammy.20260607.080906
ros-humble-rqt-srv	amd64	1.0.3-3jammy.20260607.080930
ros-humble-rqt-topic	amd64	1.5.1-1jammy.20260607.080908
ros-humble-rttest	amd64	0.13.0-2jammy.20260304.202749
ros-humble-rviz-assimp-vendor	amd64	11.2.27-1jammy.20260612.182901
ros-humble-rviz-common	amd64	11.2.27-1jammy.20260612.193221
ros-humble-rviz-default-plugins	amd64	11.2.27-1jammy.20260612.201202
ros-humble-rviz-ogre-vendor	amd64	11.2.27-1jammy.20260612.182926
ros-humble-rviz-rendering	amd64	11.2.27-1jammy.20260612.190415
ros-humble-rviz2	amd64	11.2.27-1jammy.20260612.213323
ros-humble-sdl2-vendor	amd64	3.3.0-1jammy.20260304.195240
ros-humble-sensor-msgs	amd64	4.9.1-1jammy.20260605.122840
ros-humble-sensor-msgs-py	amd64	4.9.1-1jammy.20260605.133305
ros-humble-shape-msgs	amd64	4.9.1-1jammy.20260605.123149
ros-humble-shared-queues-vendor	amd64	0.15.16-1jammy.20260304.075306
ros-humble-spdlog-vendor	amd64	1.3.1-1jammy.20260304.202915
ros-humble-sqlite3-vendor	amd64	0.15.16-1jammy.20260304.195038
ros-humble-sros2	amd64	0.10.9-1jammy.20260605.153710
ros-humble-sros2-cmake	amd64	0.10.9-1jammy.20260605.154025
ros-humble-statistics-msgs	amd64	1.2.3-1jammy.20260605.120235
ros-humble-std-msgs	amd64	4.9.1-1jammy.20260605.120235
ros-humble-std-srvs	amd64	4.9.1-1jammy.20260605.120647
ros-humble-stereo-msgs	amd64	4.9.1-1jammy.20260605.123901
ros-humble-tango-icons-vendor	amd64	0.1.1-3jammy.20260304.202920
ros-humble-teleop-twist-joy	amd64	2.4.8-1jammy.20260605.151810
ros-humble-teleop-twist-keyboard	amd64	2.4.1-1jammy.20260605.140254
ros-humble-tf2	amd64	0.25.20-2jammy.20260605.130708
ros-humble-tf2-bullet	amd64	0.25.20-2jammy.20260605.163950
ros-humble-tf2-eigen	amd64	0.25.20-2jammy.20260605.164002
ros-humble-tf2-eigen-kdl	amd64	0.25.20-2jammy.20260605.133220
ros-humble-tf2-geometry-msgs	amd64	0.25.20-2jammy.20260605.164050
ros-humble-tf2-kdl	amd64	0.25.20-2jammy.20260605.161610
ros-humble-tf2-msgs	amd64	0.25.20-2jammy.20260605.131108
ros-humble-tf2-py	amd64	0.25.20-2jammy.20260605.140657
ros-humble-tf2-ros	amd64	0.25.20-2jammy.20260605.160400
ros-humble-tf2-ros-py	amd64	0.25.20-2jammy.20260605.142515
ros-humble-tf2-sensor-msgs	amd64	0.25.20-2jammy.20260605.162213
ros-humble-tf2-tools	amd64	0.25.20-2jammy.20260605.143128
ros-humble-tinyxml-vendor	amd64	0.8.3-2jammy.20260304.195406
ros-humble-tinyxml2-vendor	amd64	0.7.7-1jammy.20260304.195411
ros-humble-tlsf	amd64	0.7.0-2jammy.20260304.202930
ros-humble-tlsf-cpp	amd64	0.13.0-2jammy.20260605.155425
ros-humble-topic-monitor	amd64	0.20.9-1jammy.20260605.142441
ros-humble-tracetools	amd64	4.1.2-1jammy.20260304.201640
ros-humble-trajectory-msgs	amd64	4.9.1-1jammy.20260605.123343
ros-humble-turtlesim	amd64	1.4.3-1jammy.20260605.154629
ros-humble-uncrustify-vendor	amd64	2.0.2-2jammy.20260304.195304
ros-humble-unique-identifier-msgs	amd64	2.2.1-3jammy.20260605.122156
ros-humble-urdf	amd64	2.6.1-1jammy.20260329.185456
ros-humble-urdf-parser-plugin	amd64	2.6.1-1jammy.20260304.201738
ros-humble-urdfdom	amd64	3.0.2-2jammy.20260304.202852
ros-humble-urdfdom-headers	amd64	1.0.6-2jammy.20260226.012553
ros-humble-visualization-msgs	amd64	4.9.1-1jammy.20260605.123919
ros-humble-yaml-cpp-vendor	amd64	8.0.2-1jammy.20260304.195332
ros-humble-zstd-vendor	amd64	0.15.16-1jammy.20260304.195400
ros2-apt-source	all	1.2.0~jammy
rpcsvc-proto	amd64	1.4.2-0ubuntu6
sdformat9-sdf	all	9.7.0+ds-1
sed	amd64	4.8-1ubuntu2.1
sensible-utils	all	0.0.17
sgml-base	all	1.30
shared-mime-info	amd64	2.1-2
shiboken2	amd64	5.15.2-2build2
sip-dev	amd64	4.19.25+dfsg-3build1
sudo	amd64	1.9.9-1ubuntu2.6
systemd	amd64	249.11-0ubuntu3.21
systemd-sysv	amd64	249.11-0ubuntu3.21
sysvinit-utils	amd64	3.01-1ubuntu1
tango-icon-theme	all	0.8.90-8
tar	amd64	1.34+dfsg-1ubuntu0.1.22.04.6
tcl	amd64	8.6.11+1build2
tcl-dev	amd64	8.6.11+1build2
tcl8.6	amd64	8.6.12+dfsg-1build1
tcl8.6-dev	amd64	8.6.12+dfsg-1build1
tk	amd64	8.6.11+1build2
tk-dev	amd64	8.6.11+1build2
tk8.6	amd64	8.6.12-1build1
tk8.6-blt2.5	amd64	2.5.3+dfsg-4.1build2
tk8.6-dev	amd64	8.6.12-1build1
tzdata	all	2026c-0ubuntu0.22.04.1
ubuntu-keyring	all	2021.03.26
ubuntu-mono	all	20.10-0ubuntu2
ucf	all	3.0043
uncrustify	amd64	0.72.0+dfsg1-2
unicode-data	all	14.0.0-1.1
unixodbc-common	all	2.3.9-5ubuntu0.1
unixodbc-dev	amd64	2.3.9-5ubuntu0.1
usrmerge	all	25ubuntu2
util-linux	amd64	2.37.2-4ubuntu3.5
uuid-dev	amd64	2.37.2-4ubuntu3.5
vtk9	amd64	9.1.0+really9.1.0+dfsg2-3build1
x11-common	all	1:7.7+23ubuntu2
x11proto-dev	all	2021.5-1
xkb-data	all	2.33-1
xml-core	all	0.18+nmu1
xorg-sgml-doctools	all	1:1.11-1.1
xtrans-dev	all	1.4.0-1
xz-utils	amd64	5.2.5-2ubuntu1.1
zlib1g	amd64	1:1.2.11.dfsg-2ubuntu9.2
zlib1g-dev	amd64	1:1.2.11.dfsg-2ubuntu9.2
